Unnamed: 0	document_name	url	date	format	type_doc	unique_id
0	Impulsregeling klimaatadaptatie	https://zandvoort.notubiz.nl/vergadering/1079897#ai_7421752	31-01-2023	Agendapunt	Evenement	zandvoort_1079897
1	1. Collegebesluit mpulsregeling klimaatadaptatie	https://zandvoort.notubiz.nl/document/12447572/1#search=%22klimaatadaptatie%22	31-01-2023	document	Agendapunt	zandvoort_12447572
2	Collegebesluit Impulsregeling klimaatadaptatie	https://zandvoort.notubiz.nl/document/12445876/1#search=%22klimaatadaptatie%22	24-01-2023	document	Actieve informatie van het college	zandvoort_12445876
3	Bijlage 3 Regionale actieagenda klimaatadaptatie Zuid-Kennemerland	https://zandvoort.notubiz.nl/document/12445909/1#search=%22klimaatadaptatie%22	24-01-2023	document	Actieve informatie van het college	zandvoort_12445909
4	4. Bijlage 3- Regionale actieagenda klimaatadaptatie Zuid-Kennemerland	https://zandvoort.notubiz.nl/document/12447574/1#search=%22klimaatadaptatie%22	31-01-2023	document	Agendapunt	zandvoort_12447574
5	Impulsregeling klimaatadaptatie	https://zandvoort.notubiz.nl/modules/7/Actieve%20informatie%20van%20het%20college/823337	24-01-2023	0	0	zandvoort_7
6	M.K. El Gebaly (GroenLinks) om 21:19	https://zandvoort.notubiz.nl/vergadering/504091#ai_4080558	03-07-2018	Sprekersmoment	Agendapunt	zandvoort_504091
7	3. Bijlage 2- Projecten Impulsregeling	https://zandvoort.notubiz.nl/document/12447573/1#search=%22klimaatadaptatie%22	31-01-2023	document	Agendapunt	zandvoort_12447573
8	Bijlage 2 Projecten Impulsregeling	https://zandvoort.notubiz.nl/document/12445908/1#search=%22klimaatadaptatie%22	24-01-2023	document	Actieve informatie van het college	zandvoort_12445908
9	2. Bijlage 1- Aanvraagformulier	https://zandvoort.notubiz.nl/document/12447571/1#search=%22klimaatadaptatie%22	31-01-2023	document	Agendapunt	zandvoort_12447571
10	Bijlage 1 Aanvraagformulier	https://zandvoort.notubiz.nl/document/12445878/1#search=%22klimaatadaptatie%22	24-01-2023	document	Actieve informatie van het college	zandvoort_12445878
11	E. Verheij - de Haas om 21:19	https://zandvoort.notubiz.nl/vergadering/504091#ai_4080558	03-07-2018	Sprekersmoment	Agendapunt	zandvoort_504091
12	Mededeling aan de raad beantwoording vragen begroting OD IJmond 2019	https://zandvoort.notubiz.nl/document/6749157/1#search=%22klimaatadaptatie%22	03-07-2018	document	Toezeggingen door het college	zandvoort_6749157
13	Mededeling aan de raad beantwoording vragen begroting OD IJmond 2019	https://zandvoort.notubiz.nl/document/6750611/1#search=%22klimaatadaptatie%22	24-08-2018	document	Raadsinformatiebrieven	zandvoort_6750611
14	Maandelijks MRA Raads- en Statenleden Bericht - editie 49	https://zandvoort.notubiz.nl/document/10114303/2#search=%22klimaatadaptatie%22	11-05-2021	document	Dossiers	zandvoort_10114303
15	Bijlage 2 - Resultatenkaart Zuid-Kennemerland	https://zandvoort.notubiz.nl/document/9922695/2#search=%22klimaatadaptatie%22	06-04-2021	document	Agendapunt	zandvoort_9922695
16	3. Bijlage 2 Resultatenkaart Zuid-Kennemerland	https://zandvoort.notubiz.nl/document/9924735/1#search=%22klimaatadaptatie%22	16-03-2021	document	Agendapunt	zandvoort_9924735
17	Bijlage 3. 10 resultatenkaart Zuid-Kennemerland	https://zandvoort.notubiz.nl/document/9952251/2#search=%22klimaatadaptatie%22	06-09-2024	document	Dossiers	zandvoort_9952251
18	Bijlage 3. 10 resultatenkaart Zuid-Kennemerland	https://zandvoort.notubiz.nl/document/9277504/1#search=%22klimaatadaptatie%22	17-11-2020	document	Agendapunt	zandvoort_9277504
19	Bijlage 2- Uitvoeringsprogramma Duurzaam Zandvoort 2019 - 2021	https://zandvoort.notubiz.nl/document/8061689/1#search=%22klimaatadaptatie%22	19-11-2019	document	Agendapunt	zandvoort_8061689
20	3. Bijlage 2: Uitvoeringsprogramma Duurzaam Zandvoort 2019 - 2021	https://zandvoort.notubiz.nl/document/8053873/1#search=%22klimaatadaptatie%22	08-10-2019	document	Agendapunt	zandvoort_8053873
21	1. Collegebesluit: Actieplan Groen	https://zandvoort.notubiz.nl/document/13014670/1#search=%22klimaatadaptatie%22	18-07-2023	document	Agendapunt	zandvoort_13014670
22	Beantwoording technische vragen OPZ	https://zandvoort.notubiz.nl/document/8142111/1#search=%22klimaatadaptatie%22	19-11-2019	document	Agendapunt	zandvoort_8142111
23	Collegebesluit actieplan Groen	https://zandvoort.notubiz.nl/document/13374565/1#search=%22klimaatadaptatie%22	01-11-2023	document	Agendapunt	zandvoort_13374565
24	Collegebesluit actieplan Groen	https://zandvoort.notubiz.nl/document/13010272/1#search=%22klimaatadaptatie%22	18-07-2023	document	Actieve informatie van het college	zandvoort_13010272
25	Bijlage 1 - Verstedelijkingsconcept van versie 1 naar versie 3	https://zandvoort.notubiz.nl/document/9962413/2#search=%22klimaatadaptatie%22	31-03-2021	document	Dossiers	zandvoort_9962413
26	Bijlage 1 Kaders Duurzaamheidsfonds Zandvoort	https://zandvoort.notubiz.nl/document/10947031/1#search=%22klimaatadaptatie%22	25-01-2022	document	Agendapunt	zandvoort_10947031
27	Bijlage 4 Oorzakenboom wateroverlast Zandvoort	https://zandvoort.notubiz.nl/document/8320750/1#search=%22klimaatadaptatie%22	02-10-2019	document	Vragen aan het college	zandvoort_8320750
28	Bijlage 4 Oorzakenboom wateroverlast Zandvoort	https://zandvoort.notubiz.nl/document/8320765/1#search=%22klimaatadaptatie%22	23-12-2019	document	Raadsinformatiebrieven	zandvoort_8320765
29	5..Bijlage 1: Kaders Duurzaamheidsfonds Zandvoort	https://zandvoort.notubiz.nl/document/10939967/1#search=%22klimaatadaptatie%22	14-12-2021	document	Agendapunt	zandvoort_10939967
30	Bijlage 1 Kaders Duurzaamheidsfonds Zandvoort	https://zandvoort.notubiz.nl/document/12969569/1#search=%22klimaatadaptatie%22	12-08-2024	document	Dossiers	zandvoort_12969569
31	M.K. El Gebaly (GroenLinks) om 20:42	https://zandvoort.notubiz.nl/vergadering/700872#ai_5517793	22-09-2020	Sprekersmoment	Agendapunt	zandvoort_700872
32	6. Bijlage 5 Brief stand van zaken uitvoering MRA Agenda	https://zandvoort.notubiz.nl/document/11958230/1#search=%22klimaatadaptatie%22	18-10-2022	document	Agendapunt	zandvoort_11958230
33	Brief Metropoolregio Amsterdam over stand van zaken uitvoering MRA agenda	https://zandvoort.notubiz.nl/document/11927723/1#search=%22klimaatadaptatie%22	11-10-2022	document	Ingekomen stukken aan de raad	zandvoort_11927723
34	Bijlage 5 Brief stand van zaken uitvoering MRA	https://zandvoort.notubiz.nl/document/11961756/1#search=%22klimaatadaptatie%22	22-11-2022	document	Agendapunt	zandvoort_11961756
35	Bijlage 1 Beleidsplan duurzaamheid 2019-2022	https://zandvoort.notubiz.nl/document/11539776/1#search=%22klimaatadaptatie%22	31-10-2018	document	Toezeggingen door het college	zandvoort_11539776
36	Brief college van Amsterdam MRA wensen en bedenkingen MRA agenda 2 0 kopie	https://zandvoort.notubiz.nl/document/9952287/1#search=%22klimaatadaptatie%22	06-09-2024	document	Dossiers	zandvoort_9952287
37	Brief college van Amsterdam MRA wensen en bedenkingen MRA agenda 2 0 kopie	https://zandvoort.notubiz.nl/document/8365950/1#search=%22klimaatadaptatie%22	28-01-2020	document	Agendapunt	zandvoort_8365950
38	Bijlage 1 Beleidsplan duurzaamheid 2019-2022	https://zandvoort.notubiz.nl/document/8061681/1#search=%22klimaatadaptatie%22	19-11-2019	document	Agendapunt	zandvoort_8061681
39	Brief college van Amsterdam MRA wensen en bedenkingen MRA agenda 2.0	https://zandvoort.notubiz.nl/document/8301495/1#search=%22klimaatadaptatie%22	16-12-2019	document	Ingekomen stukken aan de raad	zandvoort_8301495
40	2. Bijlage 1: Beleidsplan Duurzaam Zandvoort 2019-2022	https://zandvoort.notubiz.nl/document/8053874/1#search=%22klimaatadaptatie%22	08-10-2019	document	Agendapunt	zandvoort_8053874
41	Webinar flyer Gemeenteraadsverkiezingen 211104	https://zandvoort.notubiz.nl/document/10741624/1#search=%22klimaatadaptatie%22	04-11-2021	document	Ingekomen stukken aan de raad	zandvoort_10741624
42	Maandelijks MRA Raads- en Statenleden Bericht - editie 57	https://zandvoort.notubiz.nl/document/11195716/2#search=%22klimaatadaptatie%22	15-02-2022	document	Dossiers	zandvoort_11195716
43	1. Raadsstuk: Actualisatie beleidsplan en uitvoeringsagenda duurzaamheid	https://zandvoort.notubiz.nl/document/12766811/1#search=%22klimaatadaptatie%22	16-05-2023	document	Agendapunt	zandvoort_12766811
44	Raadsstuk Actualisatie beleidsplan en uitvoeringsagenda duurzaamheid	https://zandvoort.notubiz.nl/document/12773381/1#search=%22klimaatadaptatie%22	20-06-2023	document	Agendapunt	zandvoort_12773381
45	Maandelijks MRA Raads- en Statenleden Bericht - editie 45	https://zandvoort.notubiz.nl/document/9618560/2#search=%22klimaatadaptatie%22	12-01-2021	document	Dossiers	zandvoort_9618560
46	Maandelijks MRA Raads- en Statenleden Bericht - editie 46	https://zandvoort.notubiz.nl/document/9733699/2#search=%22klimaatadaptatie%22	09-02-2021	document	Dossiers	zandvoort_9733699
47	Maandelijks MRA Raads- en Statenleden Bericht - editie 48	https://zandvoort.notubiz.nl/document/10004986/2#search=%22klimaatadaptatie%22	13-04-2021	document	Dossiers	zandvoort_10004986
48	OPZ - Bespreekstuk Zuid-Kennemer Agenda	https://zandvoort.notubiz.nl/document/13269013/1#search=%22klimaatadaptatie%22	03-10-2023	document	Agendapunt	zandvoort_13269013
49	Maandelijks MRA Raads- en Statenleden Bericht - editie 47	https://zandvoort.notubiz.nl/document/9863851/3#search=%22klimaatadaptatie%22	09-03-2021	document	Dossiers	zandvoort_9863851
50	5. Bijlage 4: Nota van beantwwoording	https://zandvoort.notubiz.nl/document/8577406/1#search=%22klimaatadaptatie%22	24-03-2020	document	Agendapunt	zandvoort_8577406
51	Bijlage 4 MRA nota van beantwoording en reactie MRA agenda	https://zandvoort.notubiz.nl/document/8572912/1#search=%22klimaatadaptatie%22	24-03-2020	document	Actieve informatie van het college	zandvoort_8572912
52	Raadsstuk Zienswijze geven op (concept) Werkplan en Begroting 2021 Metropoolregio Amsterdam	https://zandvoort.notubiz.nl/document/9277502/1#search=%22klimaatadaptatie%22	17-11-2020	document	Agendapunt	zandvoort_9277502
53	Geactualiseerde Zuid Kennemer Agenda - 80% versie (2023)	https://zandvoort.notubiz.nl/document/13178237/1#search=%22klimaatadaptatie%22	03-10-2023	document	Agendapunt	zandvoort_13178237
54	2. Bijlage 1: Regionale Samenwerkingsagenda Zuid-Kennemerland en Provincie Noord-Holland 2021-2023	https://zandvoort.notubiz.nl/document/10345752/1#search=%22klimaatadaptatie%22	29-06-2021	document	Agendapunt	zandvoort_10345752
55	2 Bijlage 1 - Aanbiedingsbrief Bedrijventerreinenstrategie MRA	https://zandvoort.notubiz.nl/document/14365612/1#search=%22klimaatadaptatie%22	02-07-2024	document	Agendapunt	zandvoort_14365612
56	6. Bijlage 5: Voorbeeld MRA Meerjaren Uitvoeringsprogramma, hoofdstuk Bouwen en Wonen	https://zandvoort.notubiz.nl/document/14090017/1#search=%22klimaatadaptatie%22	23-04-2024	document	Agendapunt	zandvoort_14090017
57	Bijlage 5 Voorbeeld MRA Meerjaren Uitvoeringsprogramma, hoofdstuk Bouwen en Wonen	https://zandvoort.notubiz.nl/document/14084006/2#search=%22klimaatadaptatie%22	23-04-2024	document	Raadsvoorstellen en raadsbesluiten	zandvoort_14084006
58	Raadsinformatiebrief Toekenningscriteria duurzaamheidssubsidies	https://zandvoort.notubiz.nl/document/11196817/1#search=%22klimaatadaptatie%22	11-01-2022	document	Toezeggingen door het college	zandvoort_11196817
59	Brief Omgevingsdienst IJmond - vaststelling begroting 2021	https://zandvoort.notubiz.nl/document/9102415/1#search=%22klimaatadaptatie%22	31-08-2020	document	Ingekomen stukken aan de raad	zandvoort_9102415
60	Raadsinformatiebrief Toekenningscriteria duurzaamheidssubsidies	https://zandvoort.notubiz.nl/document/11539853/1#search=%22klimaatadaptatie%22	12-03-2019	document	Toezeggingen door het college	zandvoort_11539853
61	Raadsinformatiebrief Toekenningscriteria duurzaamheidssubsidies	https://zandvoort.notubiz.nl/document/11196761/1#search=%22klimaatadaptatie%22	15-02-2022	document	Raadsinformatiebrieven	zandvoort_11196761
62	2. Bijlage 1: Actieplan Groen	https://zandvoort.notubiz.nl/document/13014669/1#search=%22klimaatadaptatie%22	18-07-2023	document	Agendapunt	zandvoort_13014669
63	Wijziging opzet begroting 2024	https://zandvoort.notubiz.nl/document/13015896/1#search=%22klimaatadaptatie%22	18-07-2023	document	Agendapunt	zandvoort_13015896
64	Raadsinformatiebrief Portefeuilleverdeling college per 1 juli 2020	https://zandvoort.notubiz.nl/document/8964026/1#search=%22klimaatadaptatie%22	02-07-2020	document	Raadsinformatiebrieven	zandvoort_8964026
65	RIB Verbeteren groenkwaliteit	https://zandvoort.notubiz.nl/document/14158386/1#search=%22klimaatadaptatie%22	14-05-2024	document	Agendapunt	zandvoort_14158386
66	Maandelijks MRA Raads- en Statenleden Bericht - editie 50	https://zandvoort.notubiz.nl/document/10237942/2#search=%22klimaatadaptatie%22	08-06-2021	document	Dossiers	zandvoort_10237942
67	Maandelijks MRA Raads- en Statenleden Bericht - editie 51	https://zandvoort.notubiz.nl/document/10374670/2#search=%22klimaatadaptatie%22	06-07-2021	document	Dossiers	zandvoort_10374670
68	Maandelijks MRA Raads- en Statenleden Bericht - editie 52	https://zandvoort.notubiz.nl/document/10569539/2#search=%22klimaatadaptatie%22	22-09-2021	document	Dossiers	zandvoort_10569539
69	Maandelijks MRA Raads- en Statenleden Bericht - editie 63	https://zandvoort.notubiz.nl/document/11901674/2#search=%22klimaatadaptatie%22	03-10-2022	document	Dossiers	zandvoort_11901674
70	Presentatie ZK Agenda en MRA propositie radenbijeenkomst 7 juni 2023	https://zandvoort.notubiz.nl/document/12859580/1#search=%22klimaatadaptatie%22	06-09-2024	document	Dossiers	zandvoort_12859580
71	Ruimtelijk Voorstel Provincie NoordHolland presentatie radenbijeenkomst 4 september 2024	https://zandvoort.notubiz.nl/document/14498476/1#search=%22klimaatadaptatie%22	06-09-2024	document	Dossiers	zandvoort_14498476
72	presentatie MRA Agenda Zuid-Kennemerland 28 oktober 2015	https://zandvoort.notubiz.nl/document/4442256/5#search=%22klimaatadaptatie%22	02-11-2015	document	Dossiers	zandvoort_4442256
73	Raadsstuk Kaders Duurzaamheidsfonds Zandvoort	https://zandvoort.notubiz.nl/document/10947026/1#search=%22klimaatadaptatie%22	25-01-2022	document	Agendapunt	zandvoort_10947026
74	Bijlage 3 evaluatie wateroverlast 1 oktober 2019	https://zandvoort.notubiz.nl/document/8320740/1#search=%22klimaatadaptatie%22	02-10-2019	document	Vragen aan het college	zandvoort_8320740
75	Bijlage 3 evaluatie wateroverlast 1 oktober 2019	https://zandvoort.notubiz.nl/document/8320764/1#search=%22klimaatadaptatie%22	23-12-2019	document	Raadsinformatiebrieven	zandvoort_8320764
76	Algemene beschouwingen PVV	https://zandvoort.notubiz.nl/document/10702947/1#search=%22klimaatadaptatie%22	26-10-2021	document	Agendapunt	zandvoort_10702947
77	R. van Tiggelen (PVV) om 21:22	https://zandvoort.notubiz.nl/vergadering/783471#ai_6300985	26-10-2021	Sprekersmoment	Agendapunt	zandvoort_783471
78	Bijlage actieplan groen	https://zandvoort.notubiz.nl/document/13374570/1#search=%22klimaatadaptatie%22	01-11-2023	document	Agendapunt	zandvoort_13374570
79	Raadsinformatiebrief Verbeteren groenkwaliteit	https://zandvoort.notubiz.nl/document/14152749/1#search=%22klimaatadaptatie%22	14-05-2024	document	Raadsinformatiebrieven	zandvoort_14152749
80	1. Raadsstuk: Kaders Duurzaamheidsfonds	https://zandvoort.notubiz.nl/document/10939968/1#search=%22klimaatadaptatie%22	14-12-2021	document	Agendapunt	zandvoort_10939968
81	Bijlage actieplan groen	https://zandvoort.notubiz.nl/document/13010273/1#search=%22klimaatadaptatie%22	18-07-2023	document	Actieve informatie van het college	zandvoort_13010273
82	Raadsinformatiebrief Voorgenomen wijziging opzet begroting 2024	https://zandvoort.notubiz.nl/document/13015893/1#search=%22klimaatadaptatie%22	21-07-2023	document	Raadsinformatiebrieven	zandvoort_13015893
83	M. Deen (PVV) om 21:17	https://zandvoort.notubiz.nl/vergadering/504098#ai_4302746	30-10-2018	Sprekersmoment	Agendapunt	zandvoort_504098
84	Bijlage 1 Zuid-Kennemer Agenda 2023	https://zandvoort.notubiz.nl/document/13515104/1#search=%22klimaatadaptatie%22	19-12-2023	document	Agendapunt	zandvoort_13515104
85	2. Bijlage 1 Zuid Kennemerland Agenda	https://zandvoort.notubiz.nl/document/13493411/2#search=%22klimaatadaptatie%22	14-11-2023	document	Agendapunt	zandvoort_13493411
86	Bijlage Regionale Samenwerkingsagenda Zuid-Kennemerland en Provincie Noord-Holland 2021-2023	https://zandvoort.notubiz.nl/document/10345191/1#search=%22klimaatadaptatie%22	29-06-2021	document	Actieve informatie van het college	zandvoort_10345191
87	231220 Actualiteiten Q4 2023	https://zandvoort.notubiz.nl/document/13659349/2#search=%22klimaatadaptatie%22	22-12-2023	document	Dossiers	zandvoort_13659349
88	Raadsinformatiebrief stand van zaken onderhoudsprojecten vanuit MIOP	https://zandvoort.notubiz.nl/document/9848514/1#search=%22klimaatadaptatie%22	05-03-2021	document	Raadsinformatiebrieven	zandvoort_9848514
89	4. Bijlage 3: Oplegnotitie MRA Agenda	https://zandvoort.notubiz.nl/document/8577405/1#search=%22klimaatadaptatie%22	24-03-2020	document	Agendapunt	zandvoort_8577405
90	Bijlage 3 MRA oplegnotitie MRA agenda	https://zandvoort.notubiz.nl/document/8572906/1#search=%22klimaatadaptatie%22	24-03-2020	document	Actieve informatie van het college	zandvoort_8572906
91	Actieplan Groen	https://zandvoort.notubiz.nl/document/12596423/1#search=%22klimaatadaptatie%22	04-04-2023	document	Agendapunt	zandvoort_12596423
92	Bijlage 3 Ontwikkelingen en risico’s niet verwerkt in programmabegroting 2025	https://zandvoort.notubiz.nl/document/14242962/1#search=%22klimaatadaptatie%22	05-06-2024	document	Raadsvoorstellen en raadsbesluiten	zandvoort_14242962
93	4. Bijlage 3- Ontwikkelingen en risico’s niet verwerkt in Ontwerp programmabegroting 2025	https://zandvoort.notubiz.nl/document/14191669/2#search=%22klimaatadaptatie%22	14-05-2024	document	Agendapunt	zandvoort_14191669
94	Raadsinformatiebrief Actieplan Groen	https://zandvoort.notubiz.nl/document/12606668/1#search=%22klimaatadaptatie%22	28-06-2022	document	Toezeggingen door het college	zandvoort_12606668
95	Raadsinformatiebrief Actieplan Groen	https://zandvoort.notubiz.nl/document/12600586/3#search=%22klimaatadaptatie%22	06-04-2023	document	Raadsinformatiebrieven	zandvoort_12600586
96	bijlage bij mail 21-3 notitie ondersteuning college en raadsprogramma	https://zandvoort.notubiz.nl/document/6339148/1#search=%22klimaatadaptatie%22	06-09-2024	document	Dossiers	zandvoort_6339148
97	Bijlage 2 Verordening Duurzaamheidslening Zandvoort	https://zandvoort.notubiz.nl/document/10947033/1#search=%22klimaatadaptatie%22	25-01-2022	document	Agendapunt	zandvoort_10947033
98	Bijlage 4 Verordening Stimuleringslening Verduurzaming Bedrijven Zandvoort	https://zandvoort.notubiz.nl/document/10947053/1#search=%22klimaatadaptatie%22	25-01-2022	document	Agendapunt	zandvoort_10947053
99	Bijlage 1 Brief VC MRA voor raden en Staten 8 november 2021	https://zandvoort.notubiz.nl/document/10947196/1#search=%22klimaatadaptatie%22	25-01-2022	document	Agendapunt	zandvoort_10947196
100	"1. Collegebesluit Indienen eerste voorstel regiodeal ""MRA West Beter in Balans"""	https://zandvoort.notubiz.nl/document/13428218/1#search=%22klimaatadaptatie%22	31-10-2023	document	Agendapunt	zandvoort_13428218
101	Collegebesluit Indienen eerste voorstel regiodeal MRA West Beter in Balans	https://zandvoort.notubiz.nl/document/13416604/1#search=%22klimaatadaptatie%22	31-10-2023	document	Actieve informatie van het college	zandvoort_13416604
102	Raadsinformatiebrief Actieplan Groen	https://zandvoort.notubiz.nl/document/13374564/1#search=%22klimaatadaptatie%22	01-11-2023	document	Agendapunt	zandvoort_13374564
103	2. Bijlage 1: Brief VC MRA voor raden en Staten 8 november 2021	https://zandvoort.notubiz.nl/document/10940005/1#search=%22klimaatadaptatie%22	14-12-2021	document	Agendapunt	zandvoort_10940005
104	2. Bijlage 2: Verordening Duurzaamheidslening Zandvoort	https://zandvoort.notubiz.nl/document/10939971/1#search=%22klimaatadaptatie%22	14-12-2021	document	Agendapunt	zandvoort_10939971
105	Raadsinformatiebrief Actieplan Groen (2023)	https://zandvoort.notubiz.nl/document/14425332/1#search=%22klimaatadaptatie%22	12-08-2024	document	Dossiers	zandvoort_14425332
106	Beleidsplan Duurzaamheid Zandvoort 2023-2026	https://zandvoort.notubiz.nl/document/12968746/1#search=%22klimaatadaptatie%22	12-08-2024	document	Dossiers	zandvoort_12968746
107	Bijlage 4 Verordening Stimuleringslening Verduurzaming Bedrijven Zandvoort	https://zandvoort.notubiz.nl/document/12969568/1#search=%22klimaatadaptatie%22	12-08-2024	document	Dossiers	zandvoort_12969568
108	Bijlage 2 Verordening Duurzaamheidslening Zandvoort	https://zandvoort.notubiz.nl/document/12969570/1#search=%22klimaatadaptatie%22	12-08-2024	document	Dossiers	zandvoort_12969570
109	Raadsinformatiebrief Wateroverlast in het weekend rondom 20 juni 2021	https://zandvoort.notubiz.nl/document/10373450/1#search=%22klimaatadaptatie%22	06-07-2021	document	Raadsinformatiebrieven	zandvoort_10373450
110	2. Bijlage 1 PvA Omgevingsvisie Zandvoort	https://zandvoort.notubiz.nl/document/7760771/1#search=%22klimaatadaptatie%22	25-06-2019	document	Agendapunt	zandvoort_7760771
111	Bijlage 1 PvA Omgevingsvisie Zandvoort	https://zandvoort.notubiz.nl/document/7774063/1#search=%22klimaatadaptatie%22	28-06-2019	document	Actieve informatie van het college	zandvoort_7774063
112	Bijlage 1 - Werkplan regionale samenwerking Zuid-Kennemerland	https://zandvoort.notubiz.nl/document/10122409/1#search=%22klimaatadaptatie%22	11-05-2021	document	Actieve informatie van het college	zandvoort_10122409
113	2. Bijlage: 1. Werkplan regionale samenwerking Zuid-Kennemerland 2021-2023	https://zandvoort.notubiz.nl/document/10123975/1#search=%22klimaatadaptatie%22	11-05-2021	document	Agendapunt	zandvoort_10123975
114	2. Bijlage 1: Voortgangsnota MRA 2022	https://zandvoort.notubiz.nl/document/12648410/1#search=%22klimaatadaptatie%22	18-04-2023	document	Agendapunt	zandvoort_12648410
115	bijlage 1 - Voortgangsnota2022 20230404	https://zandvoort.notubiz.nl/document/12642493/1#search=%22klimaatadaptatie%22	10-05-2023	document	Agendapunt	zandvoort_12642493
116	bijlage 1 - Voortgangsnota2022 20230404	https://zandvoort.notubiz.nl/document/12737930/1#search=%22klimaatadaptatie%22	23-05-2023	document	Agendapunt	zandvoort_12737930
117	Bijlage Voortgangsnota2022 -concept 4 april 2023	https://zandvoort.notubiz.nl/document/12599719/1#search=%22klimaatadaptatie%22	06-04-2023	document	Ingekomen stukken aan de raad	zandvoort_12599719
118	Brief Spaarnelanden Jaarverslag 2021	https://zandvoort.notubiz.nl/document/11686819/1#search=%22klimaatadaptatie%22	08-07-2022	document	Ingekomen stukken aan de raad	zandvoort_11686819
119	Bijlage 2. MRA Werkplan 2021 concept	https://zandvoort.notubiz.nl/document/9277505/1#search=%22klimaatadaptatie%22	17-11-2020	document	Agendapunt	zandvoort_9277505
120	2. Bijlage: Concept MRA Agenda 2.0	https://zandvoort.notubiz.nl/document/8229676/1#search=%22klimaatadaptatie%22	26-11-2019	document	Agendapunt	zandvoort_8229676
121	Bijlage 1- MRA Werkplan en begroting 2020	https://zandvoort.notubiz.nl/document/7973176/1#search=%22klimaatadaptatie%22	29-10-2019	document	Agendapunt	zandvoort_7973176
122	bijlage MRA Werkplan Begroting 2020	https://zandvoort.notubiz.nl/document/7838850/1#search=%22klimaatadaptatie%22	30-07-2019	document	Dossiers	zandvoort_7838850
123	bijlage concept agenda MRA	https://zandvoort.notubiz.nl/document/8365852/1#search=%22klimaatadaptatie%22	28-01-2020	document	Agendapunt	zandvoort_8365852
124	2. Bijlage 1: MRA Werkplan en begroting 2020	https://zandvoort.notubiz.nl/document/7974825/1#search=%22klimaatadaptatie%22	17-09-2019	document	Agendapunt	zandvoort_7974825
125	2. Bijlage 1: MRA Werkplan en begroting 2020	https://zandvoort.notubiz.nl/document/8063962/1#search=%22klimaatadaptatie%22	15-10-2019	document	Agendapunt	zandvoort_8063962
126	Bijlage 2. MRA Werkplan 2021 concept	https://zandvoort.notubiz.nl/document/9952252/2#search=%22klimaatadaptatie%22	06-09-2024	document	Dossiers	zandvoort_9952252
127	2. Bijlage 1 Beleidsplan Duurzaamheid Zandvoort 2023-2026	https://zandvoort.notubiz.nl/document/12766812/3#search=%22klimaatadaptatie%22	16-05-2023	document	Agendapunt	zandvoort_12766812
128	2. Bijlage 1 Subsidieregeling Groene Daken Zandvoort 2022	https://zandvoort.notubiz.nl/document/11958244/3#search=%22klimaatadaptatie%22	18-10-2022	document	Agendapunt	zandvoort_11958244
129	Raadsinformatiebrief MRA Woondeal proces en totstandkoming	https://zandvoort.notubiz.nl/document/12021716/1#search=%22klimaatadaptatie%22	08-11-2022	document	Raadsinformatiebrieven	zandvoort_12021716
130	MRA Woondeal: proces en totstandkoming	https://zandvoort.notubiz.nl/document/12035715/1#search=%22klimaatadaptatie%22	08-11-2022	document	Agendapunt	zandvoort_12035715
131	Raadsvoorstel Vaststellen Algemene Verordening Ondergrondse Infrastructuur	https://zandvoort.notubiz.nl/document/14084500/1#search=%22klimaatadaptatie%22	04-04-2024	document	Raadsvoorstellen en raadsbesluiten	zandvoort_14084500
132	Raadsbesluit Vaststellen Algemene Verordening Ondergrondse Infrastructuur - getekend	https://zandvoort.notubiz.nl/document/14213658/1#search=%22klimaatadaptatie%22	04-04-2024	document	Raadsvoorstellen en raadsbesluiten	zandvoort_14213658
133	1. Raadsstuk: Zienswijze geven op Verstedelijkingsconcept MRA, versie 2 Zandvoort	https://zandvoort.notubiz.nl/document/10183506/1#search=%22klimaatadaptatie%22	25-05-2021	document	Agendapunt	zandvoort_10183506
134	Bijlage 1 Beleidsplan Duurzaamheid Zandvoort 2023-2026	https://zandvoort.notubiz.nl/document/12824165/1#search=%22klimaatadaptatie%22	20-06-2023	document	Agendapunt	zandvoort_12824165
135	Raadsstuk - Zienswijze Verstedelijkingsconcept MRA Zandvoort	https://zandvoort.notubiz.nl/document/10174974/1#search=%22klimaatadaptatie%22	22-06-2021	document	Agendapunt	zandvoort_10174974
136	Collegebesluit ENSIA verantwoording Zandvoort 2021	https://zandvoort.notubiz.nl/document/11355165/1#search=%22klimaatadaptatie%22	29-03-2022	document	Actieve informatie van het college	zandvoort_11355165
137	1. Collegebesluit ENSIA verantwoording Zandvoort 2021	https://zandvoort.notubiz.nl/document/11367658/1#search=%22klimaatadaptatie%22	29-03-2022	document	Agendapunt	zandvoort_11367658
138	bijlage concept agenda MRA	https://zandvoort.notubiz.nl/document/9952293/2#search=%22klimaatadaptatie%22	06-09-2024	document	Dossiers	zandvoort_9952293
139	2. Bijlage 1: Regiodeal MRA West	https://zandvoort.notubiz.nl/document/13428216/1#search=%22klimaatadaptatie%22	31-10-2023	document	Agendapunt	zandvoort_13428216
140	Bijlage 1 Subsidieregeling Groene Daken Zandvoort 2024	https://zandvoort.notubiz.nl/document/13679406/1#search=%22klimaatadaptatie%22	1900	document	Actieve informatie van het college	zandvoort_13679406
141	Raadsinformatiebrief stand van zaken en planning herinrichting metropoolboulevard Paulus Loot	https://zandvoort.notubiz.nl/document/9042824/1#search=%22klimaatadaptatie%22	12-08-2020	document	Raadsinformatiebrieven	zandvoort_9042824
142	4. Bijlage 4: Verordening Stimuleringslening Verduurzaming Bedrijven Zandvoort	https://zandvoort.notubiz.nl/document/10939970/1#search=%22klimaatadaptatie%22	14-12-2021	document	Agendapunt	zandvoort_10939970
143	Raadsinformatiebrief Stand van zaken en planning herinrichting metropoolboulevard Paulus Loot	https://zandvoort.notubiz.nl/document/8983832/1#search=%22klimaatadaptatie%22	08-07-2020	document	Raadsinformatiebrieven	zandvoort_8983832
144	2. Bijlage 1: Subsidieregeling Groene Daken Zandvoort 2024	https://zandvoort.notubiz.nl/document/13690860/1#search=%22klimaatadaptatie%22	09-01-2024	document	Agendapunt	zandvoort_13690860
145	Bijlage 1 - Verantwoordingsrapportage 2021 Basisregistraties (BAG), grootschalige topografie (BGT)	https://zandvoort.notubiz.nl/document/11355166/1#search=%22klimaatadaptatie%22	29-03-2022	document	Actieve informatie van het college	zandvoort_11355166
146	2. Bijlage 1 - Verantwoordingsrapportage 2021 Basisregistraties adressen en gebouwen (BAG), grootschalige topografie (BGT) e2, n ondergrond (BRO)	https://zandvoort.notubiz.nl/document/11367657/1#search=%22klimaatadaptatie%22	29-03-2022	document	Agendapunt	zandvoort_11367657
147	Bijlage 2 Actualiteiten 2024 Q1	https://zandvoort.notubiz.nl/document/14076154/1#search=%22klimaatadaptatie%22	06-09-2024	document	Dossiers	zandvoort_14076154
148	1. Collegebesluit: Vaststellen plannen van aanpak Omgevingsvisie en Omgevingsplan en stand van zaken overall programma Implementatie Omgevingswet	https://zandvoort.notubiz.nl/document/7760769/1#search=%22klimaatadaptatie%22	25-06-2019	document	Agendapunt	zandvoort_7760769
149	Collegebesluit vaststellen plannen van aanpak Omgevingsvisie en Omgevingsplan	https://zandvoort.notubiz.nl/document/7774062/1#search=%22klimaatadaptatie%22	28-06-2019	document	Actieve informatie van het college	zandvoort_7774062
150	Bijlage 2 Actualiteiten 2024 Q1	https://zandvoort.notubiz.nl/document/14072960/1#search=%22klimaatadaptatie%22	18-04-2024	document	Ingekomen stukken aan de raad	zandvoort_14072960
151	Voortgangsnota 2023	https://zandvoort.notubiz.nl/document/14015969/1#search=%22klimaatadaptatie%22	05-04-2024	document	Ingekomen stukken aan de raad	zandvoort_14015969
152	Bijlage 2 MRA Agenda 2 0 2020-2024	https://zandvoort.notubiz.nl/document/8572898/1#search=%22klimaatadaptatie%22	24-03-2020	document	Actieve informatie van het college	zandvoort_8572898
153	Bijlage Werkplan regionale samenwerking Zuid-Kennemerland 2021-2023	https://zandvoort.notubiz.nl/document/10810128/1#search=%22klimaatadaptatie%22	21-12-2021	document	Agendapunt	zandvoort_10810128
154	2. Bijlage 1: Werkplan regionale samenwerking Zuid-Kennemerland 2021-2023	https://zandvoort.notubiz.nl/document/10805185/1#search=%22klimaatadaptatie%22	16-11-2021	document	Agendapunt	zandvoort_10805185
155	Bijlage Werkplan regionale samenwerking Zuid-Kennemerland	https://zandvoort.notubiz.nl/document/10508193/1#search=%22klimaatadaptatie%22	07-09-2021	document	Actieve informatie van het college	zandvoort_10508193
156	2. Bijlage 1: Werkplan regionale samenwerking Zuid-Kennemerland 2021-2023	https://zandvoort.notubiz.nl/document/10511894/1#search=%22klimaatadaptatie%22	07-09-2021	document	Agendapunt	zandvoort_10511894
157	MRA Werkplan en Begroting 2018	https://zandvoort.notubiz.nl/document/5590013/3#search=%22klimaatadaptatie%22	06-09-2024	document	Dossiers	zandvoort_5590013
158	Bijlage 1 boek duinclusief	https://zandvoort.notubiz.nl/document/9806556/1#search=%22klimaatadaptatie%22	10-03-2021	document	Agendapunt	zandvoort_9806556
159	2. Bijlage 1 Boek Duinclusief	https://zandvoort.notubiz.nl/document/9815421/1#search=%22klimaatadaptatie%22	23-02-2021	document	Agendapunt	zandvoort_9815421
160	Bijlage 1 - MRA Verantwoording 2020	https://zandvoort.notubiz.nl/document/9922701/2#search=%22klimaatadaptatie%22	06-04-2021	document	Agendapunt	zandvoort_9922701
161	5. Bijlage 4: Nota van beantwoording proposities MRA Agenda	https://zandvoort.notubiz.nl/document/14090019/1#search=%22klimaatadaptatie%22	23-04-2024	document	Agendapunt	zandvoort_14090019
162	Bijlage 4 Nota van beantwoording proposities MRA Agenda	https://zandvoort.notubiz.nl/document/14084010/2#search=%22klimaatadaptatie%22	23-04-2024	document	Raadsvoorstellen en raadsbesluiten	zandvoort_14084010
163	2. Bijlage 1 MRA Verantwoording 2020	https://zandvoort.notubiz.nl/document/9924734/1#search=%22klimaatadaptatie%22	16-03-2021	document	Agendapunt	zandvoort_9924734
164	Bijlage 2 Nadere regels ondergrondse infrastructuur Gemeente Zandvoort	https://zandvoort.notubiz.nl/document/14323006/1#search=%22klimaatadaptatie%22	19-08-2024	document	Dossiers	zandvoort_14323006
165	Bijlage 2 Nadere regels ondergrondse infrastructuur Gemeente Zandvoort	https://zandvoort.notubiz.nl/document/14096250/1#search=%22klimaatadaptatie%22	04-04-2024	document	Raadsvoorstellen en raadsbesluiten	zandvoort_14096250
166	Bijlage 2- Overzicht inhoudelijke zaken en ambities	https://zandvoort.notubiz.nl/document/7973174/1#search=%22klimaatadaptatie%22	29-10-2019	document	Agendapunt	zandvoort_7973174
167	Discussienotitie op weg naar de MRA Agenda 2.0 april 2019	https://zandvoort.notubiz.nl/document/7516979/1#search=%22klimaatadaptatie%22	11-04-2019	document	Dossiers	zandvoort_7516979
168	Bijlage 1. Bestuurlijke Oplegger MRA Werkplan 2021	https://zandvoort.notubiz.nl/document/9952250/2#search=%22klimaatadaptatie%22	06-09-2024	document	Dossiers	zandvoort_9952250
169	Collegebesluit Standpunt bepalen over voorstellen algemene ledenvergadering VNG 16 juni 2021	https://zandvoort.notubiz.nl/document/10272953/1#search=%22klimaatadaptatie%22	15-06-2021	document	Actieve informatie van het college	zandvoort_10272953
170	1. Collegebesluit: Standpunt bepalen over voorstellen algemene ledenvergadering VNG 16 juni 2021	https://zandvoort.notubiz.nl/document/10278048/1#search=%22klimaatadaptatie%22	15-06-2021	document	Agendapunt	zandvoort_10278048
171	Raadsstuk Onderschrijven Verstedelijkingsconcept MRA versie 3 Zandvoort	https://zandvoort.notubiz.nl/document/10973156/1#search=%22klimaatadaptatie%22	25-01-2022	document	Agendapunt	zandvoort_10973156
172	6. Bijlage 5: Overzicht inhoudelijke zaken en de ambities van Zuid-Kennemerland voorjaar 2019	https://zandvoort.notubiz.nl/document/7441990/1#search=%22klimaatadaptatie%22	19-03-2019	document	Agendapunt	zandvoort_7441990
173	bijlage 5 overzicht inhoudelijke zaken en ambities Zuid-Kennemerland MRA	https://zandvoort.notubiz.nl/document/7444684/1#search=%22klimaatadaptatie%22	23-04-2019	document	Agendapunt	zandvoort_7444684
174	3. Bijlage 2: Overzicht inhoudelijke zaken en ambities Zuid-Kennemerland	https://zandvoort.notubiz.nl/document/7974826/1#search=%22klimaatadaptatie%22	17-09-2019	document	Agendapunt	zandvoort_7974826
175	Raadsinformatiebrief Herijking participatiebeleid Zandvoort	https://zandvoort.notubiz.nl/document/9840032/1#search=%22klimaatadaptatie%22	30-10-2019	document	Toezeggingen door het college	zandvoort_9840032
176	1. Collegebesluit Vaststellen stedenbouwkundig plan Duinwachter Zandvoort	https://zandvoort.notubiz.nl/document/11074965/1#search=%22klimaatadaptatie%22	25-01-2022	document	Agendapunt	zandvoort_11074965
177	Collegebesluit Vaststellen Stedenbouwkundig Plan Duinwachter Zandvoort	https://zandvoort.notubiz.nl/document/11075412/1#search=%22klimaatadaptatie%22	25-01-2022	document	Actieve informatie van het college	zandvoort_11075412
178	Bijlage 1. Bestuurlijke Oplegger MRA Werkplan 2021	https://zandvoort.notubiz.nl/document/9277503/1#search=%22klimaatadaptatie%22	17-11-2020	document	Agendapunt	zandvoort_9277503
179	1. Raadsstuk Onderschrijven Verstedelijkingsconcept MRA Zandvoort	https://zandvoort.notubiz.nl/document/10940006/1#search=%22klimaatadaptatie%22	14-12-2021	document	Agendapunt	zandvoort_10940006
180	Bijlage 1 voorlopige zienswijze gemeente Zandvoort ontwerp omgevingsverordening NH2020	https://zandvoort.notubiz.nl/document/8623844/1#search=%22klimaatadaptatie%22	07-04-2020	document	Actieve informatie van het college	zandvoort_8623844
181	2. Bjilage 1: Zienswijze Zandvoort	https://zandvoort.notubiz.nl/document/8625890/1#search=%22klimaatadaptatie%22	07-04-2020	document	Agendapunt	zandvoort_8625890
182	Raadsinformatiebrief Aanvullende vragen OPZ over concept RES	https://zandvoort.notubiz.nl/document/9189432/1#search=%22klimaatadaptatie%22	15-09-2020	document	Vragen aan het college	zandvoort_9189432
183	Raadsinformatiebrief Aanvullende vragen OPZ over concept RES	https://zandvoort.notubiz.nl/document/9188404/1#search=%22klimaatadaptatie%22	22-09-2020	document	Raadsinformatiebrieven	zandvoort_9188404
184	2. Bijlage A: Verantwoordingsrapportage 2022 BAG BGT BRO Zandvoort	https://zandvoort.notubiz.nl/document/12596416/1#search=%22klimaatadaptatie%22	04-04-2023	document	Agendapunt	zandvoort_12596416
185	Bijlage uitvoeringsprogramma 2018 omgevingsdienst IJmond	https://zandvoort.notubiz.nl/document/6229945/1#search=%22klimaatadaptatie%22	30-01-2018	document	Actieve informatie van het college	zandvoort_6229945
186	2. Bijlage 1: MRA Werkplan en Begroting 2019	https://zandvoort.notubiz.nl/document/6780769/1#search=%22klimaatadaptatie%22	04-09-2018	document	Agendapunt	zandvoort_6780769
187	5. Bijlage 4 Toetingsadvies Omgevingsvisie Zandvoort commissie MER	https://zandvoort.notubiz.nl/document/10705480/1#search=%22klimaatadaptatie%22	26-10-2021	document	Agendapunt	zandvoort_10705480
188	Bijlage A- Verantwoordingsrapportage 2022 BAG BGT BRO Zandvoort	https://zandvoort.notubiz.nl/document/12601093/1#search=%22klimaatadaptatie%22	06-04-2023	document	Actieve informatie van het college	zandvoort_12601093
189	agenda Regiegroep MRA 20181010 - bijlage MRA werkplan en begroting 2019	https://zandvoort.notubiz.nl/document/6705323/1#search=%22klimaatadaptatie%22	27-07-2018	document	Dossiers	zandvoort_6705323
190	Zuid-Kennemer Agenda (2021)	https://zandvoort.notubiz.nl/document/11701486/1#search=%22klimaatadaptatie%22	06-09-2024	document	Dossiers	zandvoort_11701486
191	Beantwoording vragen OPZ over de Zuid-Kennemer Agenda	https://zandvoort.notubiz.nl/document/8387627/1#search=%22klimaatadaptatie%22	28-01-2020	document	Agendapunt	zandvoort_8387627
192	bijlage 4 Toetingsadvies Omgevingsvisie Zandvoort commissie MER	https://zandvoort.notubiz.nl/document/10697436/1#search=%22klimaatadaptatie%22	23-11-2021	document	Agendapunt	zandvoort_10697436
193	2. Bijlage 1: Uitvoeringsprogramma 2018 omgevingsdienst IJmond voor de gemeente Zandvoort	https://zandvoort.notubiz.nl/document/6148920/1#search=%22klimaatadaptatie%22	30-01-2018	document	Agendapunt	zandvoort_6148920
194	MRA begroting 2019 en werkplan 2019	https://zandvoort.notubiz.nl/document/6753260/1#search=%22klimaatadaptatie%22	11-09-2018	document	Agendapunt	zandvoort_6753260
195	2. Bijlage 1 Verantwoordingsrapportage 2023 BAG-BGT-BRO ZVT	https://zandvoort.notubiz.nl/document/14063794/1#search=%22klimaatadaptatie%22	16-04-2024	document	Agendapunt	zandvoort_14063794
196	Bijlage 1 Verantwoordingsrapportage Basisregistraties adressen en gebouwen BAG en BGT en BRO	https://zandvoort.notubiz.nl/document/14058116/1#search=%22klimaatadaptatie%22	16-04-2024	document	Actieve informatie van het college	zandvoort_14058116
197	MRA begroting 2019 en werkplan 2019	https://zandvoort.notubiz.nl/document/6821677/1#search=%22klimaatadaptatie%22	25-09-2018	document	Agendapunt	zandvoort_6821677
198	3. Bijlage 2: 210512 MRA Verstedelijkingsconcept VERSIE_2	https://zandvoort.notubiz.nl/document/10183507/1#search=%22klimaatadaptatie%22	25-05-2021	document	Agendapunt	zandvoort_10183507
199	Bijlage 1 - MRA Verstedelijkingsconcept	https://zandvoort.notubiz.nl/document/10129590/1#search=%22klimaatadaptatie%22	12-05-2021	document	Ingekomen stukken aan de raad	zandvoort_10129590
200	Bijlage 2 - MRA Verstedelijkingsstrategie 2030-2050	https://zandvoort.notubiz.nl/document/10174976/1#search=%22klimaatadaptatie%22	22-06-2021	document	Agendapunt	zandvoort_10174976
201	Bijlage 1 - Verstedelijkingsconcept 2	https://zandvoort.notubiz.nl/document/10129602/3#search=%22klimaatadaptatie%22	12-05-2021	document	Dossiers	zandvoort_10129602
202	4. Bijlage 3 Regionaal Risicoprofiel Kennemerland 2023: Hoofddrapport	https://zandvoort.notubiz.nl/document/12648401/1#search=%22klimaatadaptatie%22	18-04-2023	document	Agendapunt	zandvoort_12648401
203	Bijlage 3 Regionaal Risicoprofiel Kennemerland 2023- Hoofddrapport	https://zandvoort.notubiz.nl/document/12655937/2#search=%22klimaatadaptatie%22	10-05-2023	document	Agendapunt	zandvoort_12655937
204	Bijlage 3 Regionaal Risicoprofiel Kennemerland 2023- Hoofddrapport	https://zandvoort.notubiz.nl/document/12737868/1#search=%22klimaatadaptatie%22	23-05-2023	document	Agendapunt	zandvoort_12737868
205	Bijlage perspectievennotitie omgevingsvisie Zandvoort	https://zandvoort.notubiz.nl/document/9833528/1#search=%22klimaatadaptatie%22	02-03-2021	document	Actieve informatie van het college	zandvoort_9833528
206	2. Bijlage 1 Perspectievennotitie omgevingsvisie	https://zandvoort.notubiz.nl/document/9836933/1#search=%22klimaatadaptatie%22	02-03-2021	document	Agendapunt	zandvoort_9836933
207	Verslag gemeenteraad Zandvoort 3 juli 2018 GEWIJZIGD	https://zandvoort.notubiz.nl/document/6724841/3#search=%22klimaatadaptatie%22	03-07-2018	document	Agendapunt	zandvoort_6724841
208	Verslag gemeenteraad Zandvoort 3 juli 2018	https://zandvoort.notubiz.nl/document/6821689/1#search=%22klimaatadaptatie%22	25-09-2018	document	Agendapunt	zandvoort_6821689
209	5. Bijlage 3a: Adviesrapport van de adviescommissie raad van Zandvoort	https://zandvoort.notubiz.nl/document/12200237/1#search=%22klimaatadaptatie%22	13-12-2022	document	Agendapunt	zandvoort_12200237
210	Bijlage 3a Adviesrapport van de adviescommissie raad van Zandvoort Geanonimiseerd	https://zandvoort.notubiz.nl/document/12229907/1#search=%22klimaatadaptatie%22	10-01-2023	document	Agendapunt	zandvoort_12229907
211	Bijlage 1 - Zuid-Kennemer agenda	https://zandvoort.notubiz.nl/document/9764222/1#search=%22klimaatadaptatie%22	09-03-2021	document	Agendapunt	zandvoort_9764222
212	Bijlage 1 - Ontwerp Omgevingsvisie Zandvoort	https://zandvoort.notubiz.nl/document/10176050/2#search=%22klimaatadaptatie%22	08-06-2021	document	Agendapunt	zandvoort_10176050
213	2. Bijlage 1 Speelruimteplan Zandvoort 2021	https://zandvoort.notubiz.nl/document/10440859/1#search=%22klimaatadaptatie%22	10-08-2021	document	Agendapunt	zandvoort_10440859
214	Bijlage 1 Speelruimteplan Zandvoort 2021	https://zandvoort.notubiz.nl/document/10440156/1#search=%22klimaatadaptatie%22	14-09-2021	document	Agendapunt	zandvoort_10440156
215	3. Bijlage 2: Ontwerp Omgevingsvisie Zandvoort	https://zandvoort.notubiz.nl/document/10183527/1#search=%22klimaatadaptatie%22	25-05-2021	document	Agendapunt	zandvoort_10183527
216	Omgevingsvisie Zandvoort	https://zandvoort.notubiz.nl/document/10705481/1#search=%22klimaatadaptatie%22	26-10-2021	document	Agendapunt	zandvoort_10705481
217	bijlage 1 Zuid-Kennemer Agenda	https://zandvoort.notubiz.nl/document/8365908/1#search=%22klimaatadaptatie%22	28-01-2020	document	Agendapunt	zandvoort_8365908
218	Bijlage 2 MRA Verstedelijkingsconcept VERSIE 3 IV	https://zandvoort.notubiz.nl/document/10947198/1#search=%22klimaatadaptatie%22	25-01-2022	document	Agendapunt	zandvoort_10947198
219	bijlage 1 Omgevingsvisie Zandvoort	https://zandvoort.notubiz.nl/document/10697438/1#search=%22klimaatadaptatie%22	23-11-2021	document	Agendapunt	zandvoort_10697438
220	2. Bijlage 1: Zuid-Kennemer Agenda	https://zandvoort.notubiz.nl/document/9771828/1#search=%22klimaatadaptatie%22	16-02-2021	document	Agendapunt	zandvoort_9771828
221	3. Bijlage 2: MRA Verstedelijkingsconcept VERSIE 3 IV	https://zandvoort.notubiz.nl/document/10940008/1#search=%22klimaatadaptatie%22	14-12-2021	document	Agendapunt	zandvoort_10940008
222	Speelruimteplan Zandvoort 2021	https://zandvoort.notubiz.nl/document/11690469/1#search=%22klimaatadaptatie%22	12-08-2024	document	Dossiers	zandvoort_11690469
223	09 Verslag gemeenteraad Zandvoort 3 juli 2018	https://zandvoort.notubiz.nl/document/6863018/1#search=%22klimaatadaptatie%22	26-08-2024	document	Dossiers	zandvoort_6863018
224	2. Bijlage 1 Zuid - Kennemer Agenda	https://zandvoort.notubiz.nl/document/8287752/1#search=%22klimaatadaptatie%22	10-12-2019	document	Agendapunt	zandvoort_8287752
225	Factsheets Zandvoort 2022	https://zandvoort.notubiz.nl/document/11705250/1#search=%22klimaatadaptatie%22	30-08-2024	document	Dossiers	zandvoort_11705250
226	3. Bijlage 2: Notitie Actualisatie Nota Bodembeheer en de gevolgen OW voor bodem	https://zandvoort.notubiz.nl/document/12596393/1#search=%22klimaatadaptatie%22	04-04-2023	document	Agendapunt	zandvoort_12596393
227	Bijlage 1 - Propositie Zuid-Kennemerland voor MRA Agenda 2024-2028	https://zandvoort.notubiz.nl/document/13491978/1#search=%22klimaatadaptatie%22	19-12-2023	document	Agendapunt	zandvoort_13491978
228	Bijlage 2 Randvoorwaarden herontwikkeling Curiedriehoek	https://zandvoort.notubiz.nl/document/9806550/1#search=%22klimaatadaptatie%22	10-03-2021	document	Agendapunt	zandvoort_9806550
229	bijlage 2 voorstel transitiecommissie	https://zandvoort.notubiz.nl/document/9952826/1#search=%22klimaatadaptatie%22	11-05-2021	document	Agendapunt	zandvoort_9952826
230	2. Bijlage 1: Aanbiedingsbrief	https://zandvoort.notubiz.nl/document/12766786/1#search=%22klimaatadaptatie%22	16-05-2023	document	Agendapunt	zandvoort_12766786
231	2. Bijlage 1 Aanbiedingsbrief	https://zandvoort.notubiz.nl/document/12766789/1#search=%22klimaatadaptatie%22	16-05-2023	document	Agendapunt	zandvoort_12766789
232	Bijlage 2 Notitie Actualisatie Nota Bodembeheer en de gevolgen voor het bodembeleid	https://zandvoort.notubiz.nl/document/12590475/1#search=%22klimaatadaptatie%22	09-05-2023	document	Agendapunt	zandvoort_12590475
233	4. Bijlage 3: Propositie MRA Agenda Zuid-Kennemerland	https://zandvoort.notubiz.nl/document/14090014/1#search=%22klimaatadaptatie%22	23-04-2024	document	Agendapunt	zandvoort_14090014
234	Bijlage 3 Propositie MRA Agenda Zuid-Kennemerland	https://zandvoort.notubiz.nl/document/14084008/2#search=%22klimaatadaptatie%22	23-04-2024	document	Raadsvoorstellen en raadsbesluiten	zandvoort_14084008
235	Collegebesluit Prestatieafspraken - Bod Pré Wonen 2021	https://zandvoort.notubiz.nl/document/10476833/1#search=%22klimaatadaptatie%22	14-09-2021	document	Agendapunt	zandvoort_10476833
236	1. Raadsstuk Gemeentelijk Rioleringsplan 2023-2027	https://zandvoort.notubiz.nl/document/13014671/1#search=%22klimaatadaptatie%22	18-07-2023	document	Agendapunt	zandvoort_13014671
237	2. Bijlage 1 Propositie Zuid-Kennemerland voor MRA Agenda 2024-2028	https://zandvoort.notubiz.nl/document/13493406/2#search=%22klimaatadaptatie%22	14-11-2023	document	Agendapunt	zandvoort_13493406
238	2. Bijlage 1 Definitieve Termijnagenda 2023	https://zandvoort.notubiz.nl/document/12451279/1#search=%22klimaatadaptatie%22	21-02-2023	document	Agendapunt	zandvoort_12451279
239	Bijlage 1 - Aanbiedingsbrief VRK	https://zandvoort.notubiz.nl/document/12783870/1#search=%22klimaatadaptatie%22	20-06-2023	document	Agendapunt	zandvoort_12783870
240	Bijlage 1 - Aanbiedingsbrief VRK	https://zandvoort.notubiz.nl/document/12784627/1#search=%22klimaatadaptatie%22	20-06-2023	document	Agendapunt	zandvoort_12784627
241	Collegebesluit Prestatieafspraken - Bod Pré Wonen 2021	https://zandvoort.notubiz.nl/document/10474255/1#search=%22klimaatadaptatie%22	24-08-2021	document	Actieve informatie van het college	zandvoort_10474255
242	Bijlage 2 Notitie Actualisatie Nota Bodembeheer en de gevolgen voor het bodembeleid	https://zandvoort.notubiz.nl/document/12727680/1#search=%22klimaatadaptatie%22	23-05-2023	document	Agendapunt	zandvoort_12727680
243	Bijlage 1 Definitieve Termijnagenda 2023	https://zandvoort.notubiz.nl/document/12446319/1#search=%22klimaatadaptatie%22	21-03-2023	document	Agendapunt	zandvoort_12446319
244	Bijlage 2 Notitie Actualisatie Nota Bodembeheer en de gevolgen voor het bodembeleid	https://zandvoort.notubiz.nl/document/12964759/1#search=%22klimaatadaptatie%22	04-09-2024	document	Dossiers	zandvoort_12964759
245	Raadsstuk Gemeentelijk Rioleringsplan Zandvoort 2023-2027 - getekend	https://zandvoort.notubiz.nl/document/13212830/1#search=%22klimaatadaptatie%22	04-09-2024	document	Dossiers	zandvoort_13212830
246	Memo - Voorstel MRA metropool van grote klasse	https://zandvoort.notubiz.nl/document/9864224/2#search=%22klimaatadaptatie%22	09-03-2021	document	Dossiers	zandvoort_9864224
247	Definitieve Termijnagenda MRA 2023 20221126	https://zandvoort.notubiz.nl/document/12122490/1#search=%22klimaatadaptatie%22	06-09-2024	document	Dossiers	zandvoort_12122490
248	Bijlage 3 Nota van Beantwoording wensen en opvattingen op VS	https://zandvoort.notubiz.nl/document/10947200/1#search=%22klimaatadaptatie%22	25-01-2022	document	Agendapunt	zandvoort_10947200
249	Randvoorwaarden Curiedriehoek - concept	https://zandvoort.notubiz.nl/document/7966965/1#search=%22klimaatadaptatie%22	24-09-2019	document	Agendapunt	zandvoort_7966965
250	3. Bijlage 2: Randvoorwaarden herontwikkeling Curiedriehoek	https://zandvoort.notubiz.nl/document/9815423/1#search=%22klimaatadaptatie%22	23-02-2021	document	Agendapunt	zandvoort_9815423
251	3. Bijlage 2 Voorstel Transitiecommissie	https://zandvoort.notubiz.nl/document/9960720/1#search=%22klimaatadaptatie%22	30-03-2021	document	Agendapunt	zandvoort_9960720
252	2. Bijlage 1: Werkagenda Mobiliteit Zuid-Kennemerland/ IJmond	https://zandvoort.notubiz.nl/document/10765205/1#search=%22klimaatadaptatie%22	09-11-2021	document	Agendapunt	zandvoort_10765205
253	Brief zienswijze Zuid-Kennemerland op Ontwerp-Omgevingsvisie NH 2050	https://zandvoort.notubiz.nl/document/6702110/1#search=%22klimaatadaptatie%22	24-07-2018	document	Agendapunt	zandvoort_6702110
254	Bijlage 1 Nota van Uitgangspunten omgevingsplan Strand	https://zandvoort.notubiz.nl/document/7577225/1#search=%22klimaatadaptatie%22	06-02-2018	document	Toezeggingen door het college	zandvoort_7577225
255	1. Raadsstuk: Zienswijze geven op verantwoording 2019 en globale begroting 2021 Metropoolregio Amsterdam	https://zandvoort.notubiz.nl/document/8577409/1#search=%22klimaatadaptatie%22	24-03-2020	document	Agendapunt	zandvoort_8577409
256	Antwoorden vragen OPZ NJN	https://zandvoort.notubiz.nl/document/9140691/1#search=%22klimaatadaptatie%22	10-09-2020	document	Agendapunt	zandvoort_9140691
257	4. Bijlage 3: Nota van Beantwoording wensen en opvattingen op VS	https://zandvoort.notubiz.nl/document/10940010/1#search=%22klimaatadaptatie%22	14-12-2021	document	Agendapunt	zandvoort_10940010
258	2. Bijlage 1: . Nota van Uitgangspunten ‘omgevingsplan Strand’	https://zandvoort.notubiz.nl/document/7533504/1#search=%22klimaatadaptatie%22	16-04-2019	document	Agendapunt	zandvoort_7533504
259	1. Collegebesluit Prestatieafspraken - Bod Pré Wonen 2021	https://zandvoort.notubiz.nl/document/10484073/1#search=%22klimaatadaptatie%22	31-08-2021	document	Agendapunt	zandvoort_10484073
260	bijlage 1 Nota van Uitgangspunten omgevingsplan Strand	https://zandvoort.notubiz.nl/document/7533008/1#search=%22klimaatadaptatie%22	21-05-2019	document	Agendapunt	zandvoort_7533008
261	Aanbiedingsbrief Jaarstukken 2022 en Waarborgfonds VRK	https://zandvoort.notubiz.nl/document/12606374/1#search=%22klimaatadaptatie%22	07-04-2023	document	Ingekomen stukken aan de raad	zandvoort_12606374
262	Antwoorden vragen OPZ NJN	https://zandvoort.notubiz.nl/document/9136198/1#search=%22klimaatadaptatie%22	09-09-2020	document	Agendapunt	zandvoort_9136198
263	Bijlage Regionale werkagenda Mobiliteit Zuid-Kennemerland-IJmond	https://zandvoort.notubiz.nl/document/10760762/1#search=%22klimaatadaptatie%22	09-11-2021	document	Actieve informatie van het college	zandvoort_10760762
264	Raadsstuk Gemeentelijk Rioleringsplan 2023-2027	https://zandvoort.notubiz.nl/document/13017955/1#search=%22klimaatadaptatie%22	19-09-2023	document	Agendapunt	zandvoort_13017955
265	2. Bijlage: Rapport Rioleringsplan 2023-2027	https://zandvoort.notubiz.nl/document/13014672/1#search=%22klimaatadaptatie%22	18-07-2023	document	Agendapunt	zandvoort_13014672
266	Bijlage 1 - Gemeentelijk Rioleringsplan Zandvoort 2023-2027	https://zandvoort.notubiz.nl/document/13212808/1#search=%22klimaatadaptatie%22	04-09-2024	document	Dossiers	zandvoort_13212808
267	Besluitenlijst - 25 januari 2022	https://zandvoort.notubiz.nl/document/11092412/2#search=%22klimaatadaptatie%22	25-01-2022	document	Agendapunt	zandvoort_11092412
268	Bijlage 1 - Gemeentelijk Rioleringsplan Zandvoort 2023-2027	https://zandvoort.notubiz.nl/document/13011031/2#search=%22klimaatadaptatie%22	19-09-2023	document	Agendapunt	zandvoort_13011031
269	2. Bijlage 1 Concept Regionale Energiestrategie (RES) Noord-Holland Zuid	https://zandvoort.notubiz.nl/document/9087945/1#search=%22klimaatadaptatie%22	25-08-2020	document	Agendapunt	zandvoort_9087945
270	Bijlage 1- Concept-RES Noord-Holland Zuid-27 maart 2020	https://zandvoort.notubiz.nl/document/8692441/1#search=%22klimaatadaptatie%22	30-04-2020	document	Raadsinformatiebrieven	zandvoort_8692441
271	Bijlage 1 Concept Regionale Energiestrategie (RES) Noord-Holland Zuid	https://zandvoort.notubiz.nl/document/9140687/1#search=%22klimaatadaptatie%22	10-09-2020	document	Agendapunt	zandvoort_9140687
272	2. Bijlage 1: Concept-RES Noord-Holland Zuid-27 maart 2020	https://zandvoort.notubiz.nl/document/8686128/1#search=%22klimaatadaptatie%22	28-04-2020	document	Agendapunt	zandvoort_8686128
273	Bijlage 1 Concept Regionale Energiestrategie (RES) Noord-Holland Zuid	https://zandvoort.notubiz.nl/document/9092031/1#search=%22klimaatadaptatie%22	09-09-2020	document	Agendapunt	zandvoort_9092031
274	Omgevingsvisie Zandvoort (2021)	https://zandvoort.notubiz.nl/document/11690086/1#search=%22klimaatadaptatie%22	21-08-2024	document	Dossiers	zandvoort_11690086
275	3. Bijlage 2: MRA Agenda, versie 80%	https://zandvoort.notubiz.nl/document/14090016/1#search=%22klimaatadaptatie%22	23-04-2024	document	Agendapunt	zandvoort_14090016
276	Bijlage 2 MRA agenda, versie 80%	https://zandvoort.notubiz.nl/document/14084009/2#search=%22klimaatadaptatie%22	23-04-2024	document	Raadsvoorstellen en raadsbesluiten	zandvoort_14084009
277	2. Begroting 2019 ODIJmond	https://zandvoort.notubiz.nl/document/6493599/1#search=%22klimaatadaptatie%22	22-05-2018	document	Agendapunt	zandvoort_6493599
278	Bijlage B - Uitvoeringsagenda Woonakkoord Zuid-Kennemerland - IJmond	https://zandvoort.notubiz.nl/document/9735566/1#search=%22klimaatadaptatie%22	10-03-2021	document	Agendapunt	zandvoort_9735566
279	Bijlage 1 Concept Prestatieafspraken Zandvoort 2022-2025 met Pré Wonen en HPZ	https://zandvoort.notubiz.nl/document/11279909/1#search=%22klimaatadaptatie%22	10-05-2022	document	Agendapunt	zandvoort_11279909
280	Bijlage Prestatieafspraken Zandvoort Pré Wonen en HPZ 2022-2025	https://zandvoort.notubiz.nl/document/12428925/1#search=%22klimaatadaptatie%22	09-03-2023	document	Agendapunt	zandvoort_12428925
281	Bijlage 1 - Bod van Pré Wonen 2022-2024 aan de gemeente Zandvoort	https://zandvoort.notubiz.nl/document/10476834/1#search=%22klimaatadaptatie%22	14-09-2021	document	Agendapunt	zandvoort_10476834
282	07. Bijlage 6- Ruimtelijke onderbouwing	https://zandvoort.notubiz.nl/document/12758826/2#search=%22klimaatadaptatie%22	09-05-2023	document	Agendapunt	zandvoort_12758826
283	3. Bijlage B: Uitvoeringsagenda Woonakkoord Zuid-Kennemerland/IJmond 2021-2025	https://zandvoort.notubiz.nl/document/9746879/1#search=%22klimaatadaptatie%22	09-02-2021	document	Agendapunt	zandvoort_9746879
284	Bijlage 4 - Ruimtelijke onderbouwing	https://zandvoort.notubiz.nl/document/12773481/1#search=%22klimaatadaptatie%22	20-06-2023	document	Agendapunt	zandvoort_12773481
285	3. Bijlage 2 Raadsinformatiebrief gebiedsopgave 2019 - 2023	https://zandvoort.notubiz.nl/document/7909384/1#search=%22klimaatadaptatie%22	27-08-2019	document	Agendapunt	zandvoort_7909384
286	Raadsinformatiebrief beantwoording vragen gebiedsopgave	https://zandvoort.notubiz.nl/document/7903107/1#search=%22klimaatadaptatie%22	29-08-2019	document	Raadsinformatiebrieven	zandvoort_7903107
287	Raadsinformatiebrief beantwoording vragen gebiedsopgave	https://zandvoort.notubiz.nl/document/7903251/1#search=%22klimaatadaptatie%22	30-04-2019	document	Vragen aan het college	zandvoort_7903251
288	Bijlage 1 - Bod van Pré Wonen 2022-2024 aan de gemeente Zandvoort	https://zandvoort.notubiz.nl/document/10474261/1#search=%22klimaatadaptatie%22	24-08-2021	document	Actieve informatie van het college	zandvoort_10474261
289	Termijnagenda 2023 versie 31 maart 2023	https://zandvoort.notubiz.nl/document/12586718/2#search=%22klimaatadaptatie%22	03-04-2023	document	Dossiers	zandvoort_12586718
290	231207 Termijnagenda 2024	https://zandvoort.notubiz.nl/document/13659347/2#search=%22klimaatadaptatie%22	22-12-2023	document	Dossiers	zandvoort_13659347
291	Termijnagenda 2024	https://zandvoort.notubiz.nl/document/14076155/1#search=%22klimaatadaptatie%22	06-09-2024	document	Dossiers	zandvoort_14076155
292	Bijlage Prestatieafspraken Zandvoort Pré Wonen en HPZ 2022 t-m 2025	https://zandvoort.notubiz.nl/document/12182793/1#search=%22klimaatadaptatie%22	18-05-2022	document	Toezeggingen door het college	zandvoort_12182793
293	2. Bijlage 1 - Prestatieafspraken Zandvoort 2022 t/m 2025	https://zandvoort.notubiz.nl/document/12200278/1#search=%22klimaatadaptatie%22	13-12-2022	document	Agendapunt	zandvoort_12200278
294	3. Bijlage 2 Plan van aanpak Omgevingsplan Zandvoort 2019	https://zandvoort.notubiz.nl/document/7760767/1#search=%22klimaatadaptatie%22	25-06-2019	document	Agendapunt	zandvoort_7760767
295	Bijlage 2 Plan van aanpak Omgevingsplan Zandvoort 2019	https://zandvoort.notubiz.nl/document/7774064/1#search=%22klimaatadaptatie%22	28-06-2019	document	Actieve informatie van het college	zandvoort_7774064
296	5. Bijlage 4: MRA Stoplichtenrapportage acties MRA Agenda januari 2019	https://zandvoort.notubiz.nl/document/7441987/1#search=%22klimaatadaptatie%22	19-03-2019	document	Agendapunt	zandvoort_7441987
297	bijlage 4 MRA stoplichtenrapportage acties MRA agenda	https://zandvoort.notubiz.nl/document/7444688/1#search=%22klimaatadaptatie%22	23-04-2019	document	Agendapunt	zandvoort_7444688
298	Bijlage 2 Gebiedsopgave - raadsinformatiebrief beantwoording vragen	https://zandvoort.notubiz.nl/document/7903663/1#search=%22klimaatadaptatie%22	24-09-2019	document	Agendapunt	zandvoort_7903663
299	Raadsinformatiebrief beantwoording vragen gebiedsopgave	https://zandvoort.notubiz.nl/document/8325950/1#search=%22klimaatadaptatie%22	01-05-2019	document	Vragen aan het college	zandvoort_8325950
300	Termijnagenda 2024	https://zandvoort.notubiz.nl/document/14072744/2#search=%22klimaatadaptatie%22	18-04-2024	document	Ingekomen stukken aan de raad	zandvoort_14072744
301	Beantwoording raadsvragen Programmabegroting 2018	https://zandvoort.notubiz.nl/document/5765410/1#search=%22klimaatadaptatie%22	11-10-2017	document	Agendapunt	zandvoort_5765410
302	Beantwoording raadsvragen Programmabegroting 2018	https://zandvoort.notubiz.nl/document/5765408/1#search=%22klimaatadaptatie%22	12-10-2017	document	Agendapunt	zandvoort_5765408
303	Bijlage 1 Concept Prestatieafspraken Zandvoort 2022-2025 met Pré Wonen en HPZ	https://zandvoort.notubiz.nl/document/11279650/1#search=%22klimaatadaptatie%22	08-03-2022	document	Actieve informatie van het college	zandvoort_11279650
304	2. Bijlage 1: Concept Prestatieafspraken Zandvoort 2022-2025 met Pré Wonen en Huurders Platform Zandvoort (HPZ)	https://zandvoort.notubiz.nl/document/11290593/1#search=%22klimaatadaptatie%22	08-03-2022	document	Agendapunt	zandvoort_11290593
305	2. Bijlage 1. Richtlijnen voor plaatsing inzamelmiddelen en -voorzieningen Zandvoort	https://zandvoort.notubiz.nl/document/8491409/2#search=%22klimaatadaptatie%22	25-02-2020	document	Agendapunt	zandvoort_8491409
306	2. Bijlage 1 - Bod van Pré Wonen 2022-2024 aan de gemeente Zandvoort	https://zandvoort.notubiz.nl/document/10484072/1#search=%22klimaatadaptatie%22	31-08-2021	document	Agendapunt	zandvoort_10484072
307	Bijlage Prestatieafspraken Zandvoort Pré Wonen en HPZ 2022 t-m 2025	https://zandvoort.notubiz.nl/document/12182783/1#search=%22klimaatadaptatie%22	13-12-2022	document	Raadsinformatiebrieven	zandvoort_12182783
308	Bijlage 1 - Stedenbouwkundig programma van eisen	https://zandvoort.notubiz.nl/document/10016960/1#search=%22klimaatadaptatie%22	12-05-2021	document	Agendapunt	zandvoort_10016960
309	2. Bijlage 1. Stedenbouwkundige Programma van Eisen Auto Strijder (De Duinwachter)	https://zandvoort.notubiz.nl/document/10018108/1#search=%22klimaatadaptatie%22	13-04-2021	document	Agendapunt	zandvoort_10018108
310	3. Bijlage 1.b Bijlagenboek Stedenbouwkundig Plan Duinwachter Zandvoort	https://zandvoort.notubiz.nl/document/11074975/1#search=%22klimaatadaptatie%22	25-01-2022	document	Agendapunt	zandvoort_11074975
311	Bijlage 1.2 - Bijlagenboek Stedenbouwkundig Plan Duinwachter Zandvoort	https://zandvoort.notubiz.nl/document/11075418/2#search=%22klimaatadaptatie%22	25-01-2022	document	Actieve informatie van het college	zandvoort_11075418
312	2. Bijlage 1 Voorjaarsnota 2021	https://zandvoort.notubiz.nl/document/10123947/1#search=%22klimaatadaptatie%22	11-05-2021	document	Agendapunt	zandvoort_10123947
313	Bijlage 1 - Voorjaarsnota 2021	https://zandvoort.notubiz.nl/document/10123910/1#search=%22klimaatadaptatie%22	22-06-2021	document	Agendapunt	zandvoort_10123910
314	Voorjaarsnota 2021	https://zandvoort.notubiz.nl/document/10341409/3#search=%22klimaatadaptatie%22	29-06-2021	document	Dossiers	zandvoort_10341409
315	2. Bijlage 1: Omgevingsplan Strand	https://zandvoort.notubiz.nl/document/12200240/1#search=%22klimaatadaptatie%22	13-12-2022	document	Agendapunt	zandvoort_12200240
316	Bijlage 1 Omgevingsplan Strand	https://zandvoort.notubiz.nl/document/12204258/1#search=%22klimaatadaptatie%22	10-01-2023	document	Agendapunt	zandvoort_12204258
317	Bijlage 3 - Anterieure overeenkomst inzake herontwikkeling Auto Strijder	https://zandvoort.notubiz.nl/document/10016959/1#search=%22klimaatadaptatie%22	12-05-2021	document	Agendapunt	zandvoort_10016959
318	2. Bijlage 1 Regionale nota gezondheidsbeleid 2021-2028	https://zandvoort.notubiz.nl/document/11046622/1#search=%22klimaatadaptatie%22	18-01-2022	document	Agendapunt	zandvoort_11046622
319	Regionale nota gezondheidsbeleid 2021-2028	https://zandvoort.notubiz.nl/document/11689679/1#search=%22klimaatadaptatie%22	04-09-2024	document	Dossiers	zandvoort_11689679
320	Bijlage 1 - Regionale nota gezondheidsbeleid -Samen Gezond in Kennemerland 2021-2028	https://zandvoort.notubiz.nl/document/11037969/2#search=%22klimaatadaptatie%22	01-02-2022	document	Agendapunt	zandvoort_11037969
321	4. Bijlage 3. Anterieure Overeenkomst inzake herontwikkeling locatie Strijder Zandvoort	https://zandvoort.notubiz.nl/document/10018110/1#search=%22klimaatadaptatie%22	13-04-2021	document	Agendapunt	zandvoort_10018110
322	Coalitieprogramma 2022-2026 Voor Zandvoort	https://zandvoort.notubiz.nl/document/11588263/1#search=%22klimaatadaptatie%22	21-06-2022	document	Agendapunt	zandvoort_11588263
323	3. Bijlage 2 Kadernota Parkeerbeleid 2020-2030	https://zandvoort.notubiz.nl/document/9087950/2#search=%22klimaatadaptatie%22	25-08-2020	document	Agendapunt	zandvoort_9087950
324	Bijlage 1 PvE en (weging van) gunningscriteria 26082019	https://zandvoort.notubiz.nl/document/7895219/1#search=%22klimaatadaptatie%22	24-09-2019	document	Agendapunt	zandvoort_7895219
325	Coalitieprogramma 2022-2026 Voor Zandvoort	https://zandvoort.notubiz.nl/document/11695216/1#search=%22klimaatadaptatie%22	30-10-2019	document	Toezeggingen door het college	zandvoort_11695216
326	Coalitieprogramma 2022-2026 Voor Zandvoort	https://zandvoort.notubiz.nl/document/11695089/1#search=%22klimaatadaptatie%22	28-09-2021	document	Moties en amendementen	zandvoort_11695089
327	bijlage 2 Kadernota Parkeerbeleid 2020-2030	https://zandvoort.notubiz.nl/document/9140683/1#search=%22klimaatadaptatie%22	10-09-2020	document	Agendapunt	zandvoort_9140683
328	Coalitieprogramma 2022-2026 Voor Zandvoort	https://zandvoort.notubiz.nl/document/11687585/1#search=%22klimaatadaptatie%22	16-02-2021	document	Toezeggingen door het college	zandvoort_11687585
329	Bijlage 3a Adviesrapport van de adviescommissie raad van Zandvoort Geanonimiseerd	https://zandvoort.notubiz.nl/document/12381659/1#search=%22klimaatadaptatie%22	21-08-2024	document	Dossiers	zandvoort_12381659
330	Bijlage 4 Wijzigingsoverzicht Geanonimiseerd	https://zandvoort.notubiz.nl/document/12327553/1#search=%22klimaatadaptatie%22	24-01-2023	document	Agendapunt	zandvoort_12327553
331	Bijlage 3a Adviesrapport van de adviescommissie raad van Zandvoort Geanonimiseerd	https://zandvoort.notubiz.nl/document/12327512/1#search=%22klimaatadaptatie%22	24-01-2023	document	Agendapunt	zandvoort_12327512
332	7. Bijlage 4: Wijzigingsoverzicht	https://zandvoort.notubiz.nl/document/12200244/1#search=%22klimaatadaptatie%22	13-12-2022	document	Agendapunt	zandvoort_12200244
333	Bijlage Uitvoeringsprogramma 2022 omgevingsdienst IJmond	https://zandvoort.notubiz.nl/document/11074940/1#search=%22klimaatadaptatie%22	25-01-2022	document	Actieve informatie van het college	zandvoort_11074940
334	2. Bijlage 1: Uitvoeringsprogramma 2022 omgevingsdienst IJmond.	https://zandvoort.notubiz.nl/document/11074958/1#search=%22klimaatadaptatie%22	25-01-2022	document	Agendapunt	zandvoort_11074958
335	Bijlage 4 Wijzigingsoverzicht Geanonimiseerd	https://zandvoort.notubiz.nl/document/12229953/1#search=%22klimaatadaptatie%22	10-01-2023	document	Agendapunt	zandvoort_12229953
336	Bijlage RES 1.0 Noord-Holland Zuid 21 april 2021	https://zandvoort.notubiz.nl/document/10042304/1#search=%22klimaatadaptatie%22	12-05-2021	document	Agendapunt	zandvoort_10042304
337	2. Bijlage 1: RES 1.0 Noord-Holland Zuid 21 april 2021	https://zandvoort.notubiz.nl/document/10054542/1#search=%22klimaatadaptatie%22	20-04-2021	document	Agendapunt	zandvoort_10054542
338	Bijlage A - Bestuursakkoord woonakkoord Zuid-Kennemerland - IJmond 2021-2025	https://zandvoort.notubiz.nl/document/9735567/1#search=%22klimaatadaptatie%22	10-03-2021	document	Agendapunt	zandvoort_9735567
339	Raadsinformatiebrieven 17 maart 2023 - 18 april 2023	https://zandvoort.notubiz.nl/document/12618579/2#search=%22klimaatadaptatie%22	09-05-2023	document	Agendapunt	zandvoort_12618579
340	Bijlage 1 - Programmabegroting 2022-2026	https://zandvoort.notubiz.nl/document/10575148/1#search=%22klimaatadaptatie%22	12-10-2021	document	Agendapunt	zandvoort_10575148
341	Omgevingsdienst IJmond Bestuursrapportage 1e en 2e tertaal 2018	https://zandvoort.notubiz.nl/document/7019044/1#search=%22klimaatadaptatie%22	12-11-2018	document	Actieve informatie van het college	zandvoort_7019044
342	Bijlage 1 Omgevingsplan Strand	https://zandvoort.notubiz.nl/document/12381662/1#search=%22klimaatadaptatie%22	21-08-2024	document	Dossiers	zandvoort_12381662
343	Bijlage 6a Notitie MRA Verantwoording Begroting 2019	https://zandvoort.notubiz.nl/document/8439480/1#search=%22klimaatadaptatie%22	10-02-2020	document	Ingekomen stukken aan de raad	zandvoort_8439480
344	"2. Bijlage A: Bestuursakkoord Woonakkord Zuid-Kennemerland 2021-2025 ""Samen bouwen aan een toekomstbestendige regio"""	https://zandvoort.notubiz.nl/document/9746875/1#search=%22klimaatadaptatie%22	09-02-2021	document	Agendapunt	zandvoort_9746875
345	4. Bijlage 3 Midterm Review Zandvoort per 29 april 2024	https://zandvoort.notubiz.nl/document/14178963/1#search=%22klimaatadaptatie%22	21-05-2024	document	Agendapunt	zandvoort_14178963
346	Bijlage 1 Omgevingsplan Strand	https://zandvoort.notubiz.nl/document/12327507/1#search=%22klimaatadaptatie%22	24-01-2023	document	Agendapunt	zandvoort_12327507
347	MRA verantwoording realisatie werkplan en begroting 2019	https://zandvoort.notubiz.nl/document/9952216/1#search=%22klimaatadaptatie%22	06-09-2024	document	Dossiers	zandvoort_9952216
348	Bijlage 1 - Programmabegroting 2022-2026	https://zandvoort.notubiz.nl/document/10674547/1#search=%22klimaatadaptatie%22	26-10-2021	document	Agendapunt	zandvoort_10674547
349	2. Bijlage 1: Programmabegroting 2022-2026	https://zandvoort.notubiz.nl/document/10576109/2#search=%22klimaatadaptatie%22	21-09-2021	document	Agendapunt	zandvoort_10576109
350	2. Bijlage 1: MRA Verantwoording 2019	https://zandvoort.notubiz.nl/document/8577410/1#search=%22klimaatadaptatie%22	24-03-2020	document	Agendapunt	zandvoort_8577410
351	Verslag raad 22 september 2020	https://zandvoort.notubiz.nl/document/9355699/2#search=%22klimaatadaptatie%22	03-11-2020	document	Dossiers	zandvoort_9355699
352	8. Besluitenlijst 19 september 2023	https://zandvoort.notubiz.nl/document/13225202/2#search=%22klimaatadaptatie%22	03-10-2023	document	Dossiers	zandvoort_13225202
353	Programmabegroting 2022-2026 (concept)	https://zandvoort.notubiz.nl/document/10587152/2#search=%22klimaatadaptatie%22	30-08-2024	document	Dossiers	zandvoort_10587152
354	Bijlage 1 - Programmabegroting 2022-2026	https://zandvoort.notubiz.nl/document/10600522/1#search=%22klimaatadaptatie%22	30-08-2024	document	Dossiers	zandvoort_10600522
355	Bijlage Begeleidende brief + beantwoording raadsvragen dienstverleningsovereenkomst Zandvoort	https://zandvoort.notubiz.nl/document/9001291/1#search=%22klimaatadaptatie%22	13-07-2020	document	Vragen aan het college	zandvoort_9001291
356	Ontwerp Programmabegroting 2024-2027 VRK	https://zandvoort.notubiz.nl/document/12606376/1#search=%22klimaatadaptatie%22	07-04-2023	document	Ingekomen stukken aan de raad	zandvoort_12606376
357	Besluitenlijst 19 september 2023	https://zandvoort.notubiz.nl/document/13273967/1#search=%22klimaatadaptatie%22	19-09-2023	document	Agendapunt	zandvoort_13273967
358	Bijlage 2 - Nota van beantwoording herinrichting Nieuw Noord	https://zandvoort.notubiz.nl/document/10947020/1#search=%22klimaatadaptatie%22	25-01-2022	document	Agendapunt	zandvoort_10947020
359	3. Bijlage 2: Participatienota van Beantwoording	https://zandvoort.notubiz.nl/document/10939966/1#search=%22klimaatadaptatie%22	14-12-2021	document	Agendapunt	zandvoort_10939966
360	Bijlage 1 - Omgevingsplan strand	https://zandvoort.notubiz.nl/document/10321067/1#search=%22klimaatadaptatie%22	24-06-2021	document	Actieve informatie van het college	zandvoort_10321067
361	2. Bijlage 1: Ontwerpomgevingsplan Strand	https://zandvoort.notubiz.nl/document/10318331/1#search=%22klimaatadaptatie%22	22-06-2021	document	Agendapunt	zandvoort_10318331
362	Bijlage 1 Programmabegroting 2024-2028	https://zandvoort.notubiz.nl/document/13438314/1#search=%22klimaatadaptatie%22	13-11-2023	document	Agendapunt	zandvoort_13438314
363	2. Bijlage 1: Programmabegroting 2024-2028	https://zandvoort.notubiz.nl/document/13235632/1#search=%22klimaatadaptatie%22	26-09-2023	document	Agendapunt	zandvoort_13235632
364	Bijlage 1- Programmabegroting 2024-2028	https://zandvoort.notubiz.nl/document/13420591/1#search=%22klimaatadaptatie%22	01-11-2023	document	Agendapunt	zandvoort_13420591
365	Bijlage 1- Programmabegroting 2024-2028	https://zandvoort.notubiz.nl/document/13274195/1#search=%22klimaatadaptatie%22	31-10-2023	document	Agendapunt	zandvoort_13274195
366	Programmabegroting 2024-2028 (incl. amendementen)	https://zandvoort.notubiz.nl/document/13517209/1#search=%22klimaatadaptatie%22	30-08-2024	document	Dossiers	zandvoort_13517209
367	Programmabegroting 2024-2028 (incl. amendementen)	https://zandvoort.notubiz.nl/document/14436979/1#search=%22klimaatadaptatie%22	30-08-2024	document	Dossiers	zandvoort_14436979
368	Jaarverslag 2017 en begroting 2019 Omgevingsdienst IJmond	https://zandvoort.notubiz.nl/document/6530857/1#search=%22klimaatadaptatie%22	29-05-2018	document	Actieve informatie van het college	zandvoort_6530857
369	3. Bijlage 2.a: Bestemmingsplan Duinwachter (identificatienummer NL.IMRO.0473.BPDuinwachter2022-VA01)	https://zandvoort.notubiz.nl/document/12433303/1#search=%22klimaatadaptatie%22	14-02-2023	document	Agendapunt	zandvoort_12433303
370	Bijlage 1 Meicirculaire 2023	https://zandvoort.notubiz.nl/document/12965795/1#search=%22klimaatadaptatie%22	04-07-2023	document	Raadsinformatiebrieven	zandvoort_12965795
371	2. Bijlage 1: Meicirculaire 2023	https://zandvoort.notubiz.nl/document/12976512/1#search=%22klimaatadaptatie%22	04-07-2023	document	Agendapunt	zandvoort_12976512
372	2. Bijlage: Jaarrekening en Jaarverslag 2017	https://zandvoort.notubiz.nl/document/6518251/1#search=%22klimaatadaptatie%22	29-05-2018	document	Agendapunt	zandvoort_6518251
373	3. Bijlage 2 Regionaal Beleidsplan Crisisbeheersing 2023 -2026	https://zandvoort.notubiz.nl/document/12648409/1#search=%22klimaatadaptatie%22	18-04-2023	document	Agendapunt	zandvoort_12648409
374	Bijlage 1b Aanvraag omgevingsvergunning nieuwbouw reddingspost ZRB	https://zandvoort.notubiz.nl/document/10430182/1#search=%22klimaatadaptatie%22	27-07-2021	document	Actieve informatie van het college	zandvoort_10430182
375	3. Bijlage 1b. Aanvraag omgevingsvergunning nieuwbouw reddingspost ZRB - ruimtelijke onderbouwing	https://zandvoort.notubiz.nl/document/10430031/1#search=%22klimaatadaptatie%22	27-07-2021	document	Agendapunt	zandvoort_10430031
376	Bijlage 2 Regionaal Beleidsplan Crisisbeheersing 2023 -2026	https://zandvoort.notubiz.nl/document/12655942/2#search=%22klimaatadaptatie%22	10-05-2023	document	Agendapunt	zandvoort_12655942
377	Raadsinformatiebrieven tussen 23 april en 23 mei 2024	https://zandvoort.notubiz.nl/document/14195719/1#search=%22klimaatadaptatie%22	11-06-2024	document	Agendapunt	zandvoort_14195719
378	Bijlage 4 Inspraakreacties (geanonimiseerd)	https://zandvoort.notubiz.nl/document/13832058/1#search=%22klimaatadaptatie%22	26-03-2024	document	Raadsvoorstellen en raadsbesluiten	zandvoort_13832058
379	Stedenbouwkundig programma van eisen (2021)	https://zandvoort.notubiz.nl/document/11700970/1#search=%22klimaatadaptatie%22	19-08-2024	document	Dossiers	zandvoort_11700970
380	Besluitenlijst - 28 mei 2024	https://zandvoort.notubiz.nl/document/14260616/2#search=%22klimaatadaptatie%22	28-05-2024	document	Agendapunt	zandvoort_14260616
381	Bijlage 1 Kadernota 2024 Omgevingsdienst IJmond	https://zandvoort.notubiz.nl/document/12446482/1#search=%22klimaatadaptatie%22	21-02-2023	document	Actieve informatie van het college	zandvoort_12446482
382	Bijlage Kadernota 2024 Omgevingsdienst IJmond	https://zandvoort.notubiz.nl/document/12446465/1#search=%22klimaatadaptatie%22	21-02-2023	document	Raadsinformatiebrieven	zandvoort_12446465
383	2. Bijlage 1: Kadernota 2024 Omgevingsdienst IJmond	https://zandvoort.notubiz.nl/document/12451314/1#search=%22klimaatadaptatie%22	21-02-2023	document	Agendapunt	zandvoort_12451314
384	Beantwoording raadsvragen Programmabegroting 2020-2024 Zandvoort	https://zandvoort.notubiz.nl/document/8036756/1#search=%22klimaatadaptatie%22	08-10-2019	document	Agendapunt	zandvoort_8036756
385	Bijlage 1.4 - Ruimtelijke onderbouwing (geanonimiseerd)	https://zandvoort.notubiz.nl/document/12315012/1#search=%22klimaatadaptatie%22	21-02-2023	document	Agendapunt	zandvoort_12315012
386	Bijlage 2 Regionaal Beleidsplan Crisisbeheersing 2023 -2026	https://zandvoort.notubiz.nl/document/12737867/1#search=%22klimaatadaptatie%22	23-05-2023	document	Agendapunt	zandvoort_12737867
387	Beantwoording raadsvragen Jaarrekening 2019 Zandvoort totaal	https://zandvoort.notubiz.nl/document/8745651/1#search=%22klimaatadaptatie%22	15-05-2020	document	Dossiers	zandvoort_8745651
388	20211026 Gemeente Zandvoort Gemeenteraad (ontwerp-verslag oktober)	https://zandvoort.notubiz.nl/document/10767900/1#search=%22klimaatadaptatie%22	23-11-2021	document	Agendapunt	zandvoort_10767900
389	Verslag raadsvergadering 26 oktober 2021	https://zandvoort.notubiz.nl/document/10832931/1#search=%22klimaatadaptatie%22	26-10-2021	document	Agendapunt	zandvoort_10832931
390	Beantwoording technische vragen Programmabegroting 2024-2028	https://zandvoort.notubiz.nl/document/13420595/1#search=%22klimaatadaptatie%22	01-11-2023	document	Agendapunt	zandvoort_13420595
391	Beantwoording technische vragen Programmabegroting 2024-2028	https://zandvoort.notubiz.nl/document/13418058/1#search=%22klimaatadaptatie%22	31-10-2023	document	Agendapunt	zandvoort_13418058
392	Beantwoording raadsvragen Jaarrekening 2019 Zandvoort totaal	https://zandvoort.notubiz.nl/document/8745643/1#search=%22klimaatadaptatie%22	16-06-2020	document	Agendapunt	zandvoort_8745643
393	5. Besluitenlijst - 28 mei 2024	https://zandvoort.notubiz.nl/document/14260880/1#search=%22klimaatadaptatie%22	26-08-2024	document	Dossiers	zandvoort_14260880
394	12 Verslag gemeenteraad Zandvoort 30 oktober 2018	https://zandvoort.notubiz.nl/document/7089157/1#search=%22klimaatadaptatie%22	26-08-2024	document	Dossiers	zandvoort_7089157
395	Verslag raadsvergadering 26 oktober 2021	https://zandvoort.notubiz.nl/document/10832913/2#search=%22klimaatadaptatie%22	24-11-2021	document	Dossiers	zandvoort_10832913
396	Beantwoording raadsvragen Programmabegroting 2020-2024 Zandvoort	https://zandvoort.notubiz.nl/document/8036758/1#search=%22klimaatadaptatie%22	07-10-2019	document	Dossiers	zandvoort_8036758
397	Verslag gemeenteraad Zandvoort 30 oktober 2018	https://zandvoort.notubiz.nl/document/7116755/1#search=%22klimaatadaptatie%22	30-10-2018	document	Agendapunt	zandvoort_7116755
398	Verslag gemeenteraad Zandvoort 30 oktober 2018	https://zandvoort.notubiz.nl/document/7016291/1#search=%22klimaatadaptatie%22	20-11-2018	document	Agendapunt	zandvoort_7016291
399	2. Bijlage 1. Antwoordnota op reacties concept Toeristische Visie Zandvoort 2024	https://zandvoort.notubiz.nl/document/13812650/1#search=%22klimaatadaptatie%22	13-02-2024	document	Agendapunt	zandvoort_13812650
400	Bijlage 4 Inspraakreacties (geanonimiseerd)	https://zandvoort.notubiz.nl/document/13817399/1#search=%22klimaatadaptatie%22	12-03-2024	document	Agendapunt	zandvoort_13817399
401	Bijlage 1 Ontwerpbestemmingsplan Duinwachter	https://zandvoort.notubiz.nl/document/11823370/1#search=%22klimaatadaptatie%22	13-09-2022	document	Actieve informatie van het college	zandvoort_11823370
402	3. Bijlage 2 Ontwerp programmabegroting VRK 2024 - 2027	https://zandvoort.notubiz.nl/document/12766788/1#search=%22klimaatadaptatie%22	16-05-2023	document	Agendapunt	zandvoort_12766788
403	Bijlage 2 Ontwerp-programmabegroting 2025-2028 VRK	https://zandvoort.notubiz.nl/document/14242964/1#search=%22klimaatadaptatie%22	05-06-2024	document	Raadsvoorstellen en raadsbesluiten	zandvoort_14242964
404	2. Bijlage 1: Ontwerpbestemmingsplan Duinwachter	https://zandvoort.notubiz.nl/document/11834754/2#search=%22klimaatadaptatie%22	13-09-2022	document	Agendapunt	zandvoort_11834754
405	Transcript - 3 juli 2024	https://zandvoort.notubiz.nl/document/14394458/1#search=%22klimaatadaptatie%22	03-07-2024	document	Agendapunt	zandvoort_14394458
406	RKC Rapport Afstand en Invloed -Onderzoek Governance Spaarnelanden	https://zandvoort.notubiz.nl/document/8425333/2#search=%22klimaatadaptatie%22	05-02-2020	document	Ingekomen stukken aan de raad	zandvoort_8425333
407	Bijlage 2 - Ontwerp Programmabegroting 2024-2027	https://zandvoort.notubiz.nl/document/12784628/1#search=%22klimaatadaptatie%22	20-06-2023	document	Agendapunt	zandvoort_12784628
408	3. Bijlage 2 Ontwerp jaarverslag 2023 VRK	https://zandvoort.notubiz.nl/document/14158382/1#search=%22klimaatadaptatie%22	14-05-2024	document	Agendapunt	zandvoort_14158382
409	3. Bijlage 2 Ontwerp Programmabegroting 2025 VRK	https://zandvoort.notubiz.nl/document/14191672/2#search=%22klimaatadaptatie%22	14-05-2024	document	Agendapunt	zandvoort_14191672
410	Programmabegroting 2020-2024 ontwerp	https://zandvoort.notubiz.nl/document/7972169/1#search=%22klimaatadaptatie%22	30-10-2019	document	Agendapunt	zandvoort_7972169
411	2. Bijlage: Programmbegroting 2020-2024	https://zandvoort.notubiz.nl/document/7974811/1#search=%22klimaatadaptatie%22	17-09-2019	document	Agendapunt	zandvoort_7974811
412	VRK Jaarverslag 2023	https://zandvoort.notubiz.nl/document/14055044/1#search=%22klimaatadaptatie%22	16-04-2024	document	Ingekomen stukken aan de raad	zandvoort_14055044
413	VRK Programmabegroting-2025 2028	https://zandvoort.notubiz.nl/document/14055048/1#search=%22klimaatadaptatie%22	16-04-2024	document	Ingekomen stukken aan de raad	zandvoort_14055048
414	Programmabegroting 2024-2027 vastgesteld	https://zandvoort.notubiz.nl/document/13039675/1#search=%22klimaatadaptatie%22	15-08-2023	document	Ingekomen stukken aan de raad	zandvoort_13039675
415	Bijlage 2 Ontwerp-jaarverslag 2023 VRK	https://zandvoort.notubiz.nl/document/14242843/1#search=%22klimaatadaptatie%22	05-06-2024	document	Raadsvoorstellen en raadsbesluiten	zandvoort_14242843
416	11. Transcript - 3 juli 2024	https://zandvoort.notubiz.nl/document/14395005/1#search=%22klimaatadaptatie%22	26-08-2024	document	Dossiers	zandvoort_14395005
417	Programmabegroting 2020-2024 (ontwerp)	https://zandvoort.notubiz.nl/document/9271234/2#search=%22klimaatadaptatie%22	30-08-2024	document	Dossiers	zandvoort_9271234
418	Bijlage 1 Uitvoeringsprogramma Regionale Energiestrategie Noord-Holland Zuid	https://zandvoort.notubiz.nl/document/11039132/1#search=%22klimaatadaptatie%22	18-01-2022	document	Actieve informatie van het college	zandvoort_11039132
419	5. Bijlage 4 Ontwerpbegroting 2024 ODIJmond	https://zandvoort.notubiz.nl/document/12790057/1#search=%22klimaatadaptatie%22	23-05-2023	document	Agendapunt	zandvoort_12790057
420	Bijlage 1 Woondeal MRA 2023	https://zandvoort.notubiz.nl/document/12446357/1#search=%22klimaatadaptatie%22	21-02-2023	document	Actieve informatie van het college	zandvoort_12446357
421	2. Bijlage 1 - Woondeal MRA 2023	https://zandvoort.notubiz.nl/document/12451291/1#search=%22klimaatadaptatie%22	21-02-2023	document	Agendapunt	zandvoort_12451291
422	Nota van beantwoording omgevingsvisie Zandvoort	https://zandvoort.notubiz.nl/document/10705479/1#search=%22klimaatadaptatie%22	26-10-2021	document	Agendapunt	zandvoort_10705479
423	2. Bijlage 1: Uitvoeringsprogramma RES Noord-Holland Zuid	https://zandvoort.notubiz.nl/document/11046651/1#search=%22klimaatadaptatie%22	18-01-2022	document	Agendapunt	zandvoort_11046651
424	Bijlage 4 Ontwerpbegroting 2024 ODIJmond	https://zandvoort.notubiz.nl/document/12883802/1#search=%22klimaatadaptatie%22	11-07-2023	document	Agendapunt	zandvoort_12883802
425	Bijlage 1- Beleidskader VTH milieu 2023 -2026 Omgevingsdienst	https://zandvoort.notubiz.nl/document/12664732/1#search=%22klimaatadaptatie%22	25-04-2023	document	Actieve informatie van het college	zandvoort_12664732
426	2. Bijlage 1: Beleidskader VTH milieu 2023 -2026 Omgevingsdienst IJmond	https://zandvoort.notubiz.nl/document/12667872/1#search=%22klimaatadaptatie%22	25-04-2023	document	Agendapunt	zandvoort_12667872
427	bijlage 3 nota van beantwoording Omgevingsvisie Zandvoort	https://zandvoort.notubiz.nl/document/10697437/1#search=%22klimaatadaptatie%22	23-11-2021	document	Agendapunt	zandvoort_10697437
428	2. Bijlage 1: Opgavennotitie Omgevingsvisie	https://zandvoort.notubiz.nl/document/9168959/1#search=%22klimaatadaptatie%22	15-09-2020	document	Agendapunt	zandvoort_9168959
429	Bijlage 1 - Bestemmingsplan Bentveld - Inhoud en Toelichting	https://zandvoort.notubiz.nl/document/11983756/4#search=%22klimaatadaptatie%22	22-11-2022	document	Agendapunt	zandvoort_11983756
430	Bijlage 1 - Ontwikkelperspectief Binnenduinrand	https://zandvoort.notubiz.nl/document/9764182/1#search=%22klimaatadaptatie%22	09-03-2021	document	Agendapunt	zandvoort_9764182
431	Herijking RES 2024 Noord-Holland Zuid	https://zandvoort.notubiz.nl/document/14437702/1#search=%22klimaatadaptatie%22	19-08-2024	document	Dossiers	zandvoort_14437702
432	Bijlagen aanvraag AJ van der Moolenstraat 47	https://zandvoort.notubiz.nl/document/12079836/1#search=%22klimaatadaptatie%22	16-09-2022	document	Raadsinformatiebrieven	zandvoort_12079836
433	Transcript 3 oktober 2023	https://zandvoort.notubiz.nl/document/13338023/1#search=%22klimaatadaptatie%22	03-10-2023	document	Agendapunt	zandvoort_13338023
434	Besluitenlijst 22 juni 2021	https://zandvoort.notubiz.nl/document/10342804/1#search=%22klimaatadaptatie%22	22-06-2021	document	Agendapunt	zandvoort_10342804
435	Bijlage a- Ontwikkelperspectief Binnenduinrand	https://zandvoort.notubiz.nl/document/8365873/1#search=%22klimaatadaptatie%22	28-01-2020	document	Agendapunt	zandvoort_8365873
436	bijlage 3 startnotitie regionale energie Strategie Noord-Holland Zuid	https://zandvoort.notubiz.nl/document/7833829/1#search=%22klimaatadaptatie%22	24-09-2019	document	Agendapunt	zandvoort_7833829
437	Bijlage 1 - Ontwikkelperspectief Binnenduinrand	https://zandvoort.notubiz.nl/document/9807937/1#search=%22klimaatadaptatie%22	24-02-2021	document	Ingekomen stukken aan de raad	zandvoort_9807937
438	2. Bijlage 1: Ruimtelijke onderbouwing (geanonimiseerd)	https://zandvoort.notubiz.nl/document/12304216/1#search=%22klimaatadaptatie%22	10-01-2023	document	Agendapunt	zandvoort_12304216
439	2. Bijlage 1 Ontwerp-jaarverslag VRK 2019	https://zandvoort.notubiz.nl/document/8795112/1#search=%22klimaatadaptatie%22	26-05-2020	document	Agendapunt	zandvoort_8795112
440	2. Bijlage 1 Programmabegroting VRK 2021	https://zandvoort.notubiz.nl/document/8795113/1#search=%22klimaatadaptatie%22	26-05-2020	document	Agendapunt	zandvoort_8795113
441	Bijlage 1 Ontwerp-jaarverslag VRK 2019	https://zandvoort.notubiz.nl/document/8788863/1#search=%22klimaatadaptatie%22	16-06-2020	document	Agendapunt	zandvoort_8788863
442	Bijlage 1 Programmabegroting VRK 2021	https://zandvoort.notubiz.nl/document/8788938/1#search=%22klimaatadaptatie%22	16-06-2020	document	Agendapunt	zandvoort_8788938
443	2. Bijlage a: Ontwikkelperspectief Binnenduinrand	https://zandvoort.notubiz.nl/document/9771816/1#search=%22klimaatadaptatie%22	16-02-2021	document	Agendapunt	zandvoort_9771816
444	Besluitenlijst 22 juni 2021	https://zandvoort.notubiz.nl/document/10342810/2#search=%22klimaatadaptatie%22	29-06-2021	document	Dossiers	zandvoort_10342810
445	15. Transcript - 3 oktober 2023	https://zandvoort.notubiz.nl/document/13747778/1#search=%22klimaatadaptatie%22	26-08-2024	document	Dossiers	zandvoort_13747778
446	2. Herijking RES 2024 Noord-Holland Zuid	https://zandvoort.notubiz.nl/document/14126549/1#search=%22klimaatadaptatie%22	07-05-2024	document	Agendapunt	zandvoort_14126549
447	Bijlage Herijking RES 2024 Noord-Holland Zuid	https://zandvoort.notubiz.nl/document/14127410/1#search=%22klimaatadaptatie%22	07-05-2024	document	Actieve informatie van het college	zandvoort_14127410
448	4. Bijlage 3: Startnotitie RES NHZ (definitief)	https://zandvoort.notubiz.nl/document/7834795/1#search=%22klimaatadaptatie%22	23-07-2019	document	Agendapunt	zandvoort_7834795
449	2. Bijlage a: Ontwikkelperspectief Binnenduinrand	https://zandvoort.notubiz.nl/document/8203395/1#search=%22klimaatadaptatie%22	19-11-2019	document	Agendapunt	zandvoort_8203395
450	Bijlage - Programmabegroting 2023-2027	https://zandvoort.notubiz.nl/document/12056301/1#search=%22klimaatadaptatie%22	30-08-2024	document	Dossiers	zandvoort_12056301
451	Bijlage - Programmabegroting 2023-2027	https://zandvoort.notubiz.nl/document/11970314/1#search=%22klimaatadaptatie%22	09-11-2022	document	Agendapunt	zandvoort_11970314
452	Bijlage 3 - Bijlagen ontwikkelperspectief binnenduinrand	https://zandvoort.notubiz.nl/document/9764181/1#search=%22klimaatadaptatie%22	09-03-2021	document	Agendapunt	zandvoort_9764181
453	3. Bijlage 2: Jaarverlsg VRK 2022	https://zandvoort.notubiz.nl/document/12766785/1#search=%22klimaatadaptatie%22	16-05-2023	document	Agendapunt	zandvoort_12766785
454	4. Bijlage 3: Ontwerp Programmabegroting 2022 - 2025	https://zandvoort.notubiz.nl/document/10183497/1#search=%22klimaatadaptatie%22	25-05-2021	document	Agendapunt	zandvoort_10183497
455	2. Bijlage 1. Bestemmingsplan Bentveld	https://zandvoort.notubiz.nl/document/11046643/1#search=%22klimaatadaptatie%22	18-01-2022	document	Agendapunt	zandvoort_11046643
456	Bijlage 2 - Ontwerp Jaarverslag 2022 VRK	https://zandvoort.notubiz.nl/document/12783871/1#search=%22klimaatadaptatie%22	20-06-2023	document	Agendapunt	zandvoort_12783871
457	Bijlage 3 Ontwerp Programmabegroting 2022 - 2025 VRK	https://zandvoort.notubiz.nl/document/10175857/1#search=%22klimaatadaptatie%22	22-06-2021	document	Agendapunt	zandvoort_10175857
458	Bijlage c- Bijlagen Ontwikkelperspectief Binnenduinrand	https://zandvoort.notubiz.nl/document/8365871/1#search=%22klimaatadaptatie%22	28-01-2020	document	Agendapunt	zandvoort_8365871
459	Bijlage 1 Bestemmingsplan Bentveld	https://zandvoort.notubiz.nl/document/11038084/1#search=%22klimaatadaptatie%22	02-02-2022	document	Agendapunt	zandvoort_11038084
460	Bijlage 3 - Bijlagen ontwikkelperspectief binnenduinrand	https://zandvoort.notubiz.nl/document/9807941/1#search=%22klimaatadaptatie%22	24-02-2021	document	Ingekomen stukken aan de raad	zandvoort_9807941
461	Transcript - 6 februari 2024	https://zandvoort.notubiz.nl/document/13818284/1#search=%22klimaatadaptatie%22	06-02-2024	document	Agendapunt	zandvoort_13818284
462	Programmabegroting 2018	https://zandvoort.notubiz.nl/document/5717700/1#search=%22klimaatadaptatie%22	11-10-2017	document	Agendapunt	zandvoort_5717700
463	Jaarverslag 2022 VRK vastgesteld	https://zandvoort.notubiz.nl/document/13039674/1#search=%22klimaatadaptatie%22	15-08-2023	document	Ingekomen stukken aan de raad	zandvoort_13039674
464	Programmabegroting 2018	https://zandvoort.notubiz.nl/document/5717808/1#search=%22klimaatadaptatie%22	12-10-2017	document	Agendapunt	zandvoort_5717808
465	4. Bijlage c: Ontwikkelperspectief Binnenduinrand	https://zandvoort.notubiz.nl/document/9771817/1#search=%22klimaatadaptatie%22	16-02-2021	document	Agendapunt	zandvoort_9771817
466	3. Transcript - 6 februari 2024	https://zandvoort.notubiz.nl/document/14058465/1#search=%22klimaatadaptatie%22	26-08-2024	document	Dossiers	zandvoort_14058465
467	10. Transcript - 2 juli 2024	https://zandvoort.notubiz.nl/document/14394999/1#search=%22klimaatadaptatie%22	26-08-2024	document	Dossiers	zandvoort_14394999
468	Programmabegroting 2018	https://zandvoort.notubiz.nl/document/5782162/1#search=%22klimaatadaptatie%22	31-10-2017	document	Agendapunt	zandvoort_5782162
469	Ontwerp Jaarverslag 2022 VRK	https://zandvoort.notubiz.nl/document/12606375/1#search=%22klimaatadaptatie%22	07-04-2023	document	Ingekomen stukken aan de raad	zandvoort_12606375
470	4. Bijlage c: Bijlagen Ontwikkelperspectief Binnenduinrand	https://zandvoort.notubiz.nl/document/8203399/1#search=%22klimaatadaptatie%22	19-11-2019	document	Agendapunt	zandvoort_8203399
471	Bijlage 2 - Ontwerpprogrammabegroting 2023-2026 VRK	https://zandvoort.notubiz.nl/document/11757940/1#search=%22klimaatadaptatie%22	27-09-2022	document	Agendapunt	zandvoort_11757940
472	Transcript - 2 juli 2024	https://zandvoort.notubiz.nl/document/14394387/1#search=%22klimaatadaptatie%22	02-07-2024	document	Agendapunt	zandvoort_14394387
473	2. Bijlage 1: Programmabegroting 2023-2027	https://zandvoort.notubiz.nl/document/11892759/1#search=%22klimaatadaptatie%22	27-09-2022	document	Agendapunt	zandvoort_11892759
474	Bijlage 1 Voorjaarsnota 2024	https://zandvoort.notubiz.nl/document/14225949/2#search=%22klimaatadaptatie%22	24-05-2024	document	Raadsvoorstellen en raadsbesluiten	zandvoort_14225949
475	Jaarverslag en Jaarrekening 2021	https://zandvoort.notubiz.nl/document/11551651/1#search=%22klimaatadaptatie%22	28-06-2022	document	Agendapunt	zandvoort_11551651
476	2. Bijlage 1 Rapport Bestuurskracht en organisatorische toekomst van Zandvoort	https://zandvoort.notubiz.nl/document/10970417/1#search=%22klimaatadaptatie%22	21-12-2021	document	Agendapunt	zandvoort_10970417
477	2. Bijlage 1. Jaarverslag en Jaarrekening 2021 Gemeente Zandvoort	https://zandvoort.notubiz.nl/document/11554363/2#search=%22klimaatadaptatie%22	31-05-2022	document	Agendapunt	zandvoort_11554363
478	2. Bijlage 1: Concept jaarverslagen jaarrekening 2019	https://zandvoort.notubiz.nl/document/8822374/1#search=%22klimaatadaptatie%22	02-06-2020	document	Agendapunt	zandvoort_8822374
479	Bijlage 1 - Rapport Bestuurskracht en organisatorische toekomst van Zandvoort	https://zandvoort.notubiz.nl/document/11012299/1#search=%22klimaatadaptatie%22	25-01-2022	document	Agendapunt	zandvoort_11012299
480	Bijlage 1 - Rapport Bestuurskracht en organisatorische toekomst van Zandvoort	https://zandvoort.notubiz.nl/document/10963510/1#search=%22klimaatadaptatie%22	12-01-2022	document	Agendapunt	zandvoort_10963510
481	Concept Jaarverslag en Jaarrekening 2019 Zandvoort	https://zandvoort.notubiz.nl/document/8632759/1#search=%22klimaatadaptatie%22	15-05-2020	document	Dossiers	zandvoort_8632759
482	Bijlage 1- Concept jaarverslagen jaarrekening 2019	https://zandvoort.notubiz.nl/document/8817743/1#search=%22klimaatadaptatie%22	16-06-2020	document	Agendapunt	zandvoort_8817743
483	Rapport Bestuurskrachtmeting en Toekomstoriëntatie (14 december 2021)	https://zandvoort.notubiz.nl/document/11572201/4#search=%22klimaatadaptatie%22	14-12-2021	document	Dossiers	zandvoort_11572201
484	Rapport Bestuurskracht en organisatorische toekomst van Zandvoort	https://zandvoort.notubiz.nl/document/12990783/2#search=%22klimaatadaptatie%22	12-08-2024	document	Dossiers	zandvoort_12990783
485	Jaarverslag en Jaarrekening 2021	https://zandvoort.notubiz.nl/document/12058820/1#search=%22klimaatadaptatie%22	30-08-2024	document	Dossiers	zandvoort_12058820
486	Bijlage 1 Voorjaarsnota 2024	https://zandvoort.notubiz.nl/document/14367497/1#search=%22klimaatadaptatie%22	30-08-2024	document	Dossiers	zandvoort_14367497
487	Bijlage 1 - Jaarverslag en jaarrekening 2022	https://zandvoort.notubiz.nl/document/12948669/1#search=%22klimaatadaptatie%22	11-07-2023	document	Agendapunt	zandvoort_12948669
488	2. Bijlage 1 Jaarverslag en jaarrekening 2022	https://zandvoort.notubiz.nl/document/12667867/1#search=%22klimaatadaptatie%22	25-04-2023	document	Agendapunt	zandvoort_12667867
489	Bijlage 1 - Jaarverslag en jaarrekening 2022	https://zandvoort.notubiz.nl/document/12884492/1#search=%22klimaatadaptatie%22	27-06-2023	document	Agendapunt	zandvoort_12884492
490	Programmabegroting 2021-2025	https://zandvoort.notubiz.nl/document/9329669/2#search=%22klimaatadaptatie%22	30-08-2024	document	Dossiers	zandvoort_9329669
491	Bijlage 1 - Jaarverslag en jaarrekening 2022	https://zandvoort.notubiz.nl/document/13010973/1#search=%22klimaatadaptatie%22	30-08-2024	document	Dossiers	zandvoort_13010973
492	Bijlage 2 - Omgevingseffectrapport Omgevingsvisie Zandvoort 2040	https://zandvoort.notubiz.nl/document/10176055/2#search=%22klimaatadaptatie%22	08-06-2021	document	Agendapunt	zandvoort_10176055
493	2. Bijlage 1 Bestemmingsplan Bentveld	https://zandvoort.notubiz.nl/document/11984041/2#search=%22klimaatadaptatie%22	18-10-2022	document	Agendapunt	zandvoort_11984041
494	OER Omgevingsvisie Zandvoort def	https://zandvoort.notubiz.nl/document/10183526/1#search=%22klimaatadaptatie%22	25-05-2021	document	Agendapunt	zandvoort_10183526
495	3. Bijlage 2 OER omgevingvisie Zandvoort	https://zandvoort.notubiz.nl/document/10705478/1#search=%22klimaatadaptatie%22	26-10-2021	document	Agendapunt	zandvoort_10705478
496	bijlage 2 rapport Omgevingseffectrapport Omgevingsvisie Zandvoort 2040	https://zandvoort.notubiz.nl/document/10697440/1#search=%22klimaatadaptatie%22	23-11-2021	document	Agendapunt	zandvoort_10697440
